slug,clashes_before,clashes_after,energy_before_kJ,energy_after_kJ,energy_drop_kJ,time_s,source
10b,3.0,5.0,1897122462.433142,32112.520895725287,1897090349.9122465,11.676624536514282,openmm_minimized
11,4.0,6.0,429962604859.2301,29236.377935881777,429962575622.8522,10.866197109222412,openmm_minimized
5b,6.0,6.0,102212.7259024514,11912.850451572578,90299.87545087884,9.167311191558838,openmm_minimized
6c,5.0,7.0,60593.18389698694,11640.319322039948,48952.864574946994,10.401644468307495,openmm_minimized
a1a,6.0,8.0,330566.75020354503,13435.052960097177,317131.6972434479,10.020123720169067,openmm_minimized
aacucp,4.0,8.0,56733.92755475619,10284.2783023328,46449.64925242339,12.478394031524658,openmm_minimized
aacugfp1,4.0,10.0,95615.06813269317,17992.33069727038,77622.73743542278,13.172893285751345,openmm_minimized
aacugfp2,4.0,8.0,427718.4453268889,14503.59596515294,413214.8493617359,11.837403297424316,openmm_minimized
aausfp1,8.0,10.0,103193.69160272108,13359.7355169664,89833.95608575467,11.102030277252195,openmm_minimized
aausfp2,12.0,17.0,-695052.8863345569,11261.246666178144,-706314.133000735,11.511918067932127,openmm_minimized
aausfp3,6.0,5.0,397923.7400479356,10549.53746930219,387374.20257863344,12.276311874389648,openmm_minimized
aausfp4,8.0,10.0,263825.1908083677,10773.404253128154,253051.78655523952,12.859689235687256,openmm_minimized
aausgfp,4.0,5.0,661392.4652579828,12178.926523125889,649213.538734857,12.309344053268433,openmm_minimized
acanfp,3.0,6.0,705307.0925101333,11523.229271710885,693783.8632384224,10.700346231460571,openmm_minimized
acegfp-g222e-y220l,9.0,10.0,784869402176.2251,13548.774745041472,784869388627.4503,13.43299436569214,openmm_minimized
acegfp-h,7.0,7.0,76294.06028830918,11750.42903293604,64543.63125537314,13.252055406570436,openmm_minimized
acgfp1,6.0,7.0,58330.60882823357,12394.771006670386,45935.83782156318,11.625175952911375,openmm_minimized
achilles,7.0,6.0,55365.16662632556,10824.438944767116,44540.72768155845,11.9631667137146,openmm_minimized
adred-c148s,10.0,13.0,-6263847.492108847,13561.23158727064,-6277408.723696117,13.987156629562378,openmm_minimized
aeblue,9.0,12.0,659318.4506749543,13461.541286553324,645856.909388401,11.57159423828125,openmm_minimized
aeurgfp,4.0,6.0,67349.30279553284,14604.666779405174,52744.63601612767,13.67424178123474,openmm_minimized
afcfp,5.0,9.0,71253.13542516845,9802.16246484689,61450.97296032157,11.55576229095459,openmm_minimized
afragfp,6.0,8.0,72446.33519092327,10532.364060714444,61913.97113020883,12.706326246261597,openmm_minimized
ahyacp,7.0,12.0,168347.2156673777,10646.467613648918,157700.74805372878,13.445934772491457,openmm_minimized
alajgfp1,5.0,8.0,98859.07650795096,10826.7756235139,88032.30088443708,12.575740814208984,openmm_minimized
alajgfp2,5.0,8.0,124597.4049763294,11516.942938013846,113080.46203831554,11.72362208366394,openmm_minimized
alajgfp3,6.0,9.0,152161.28453012803,10250.612273088323,141910.6722570397,12.807061433792114,openmm_minimized
alphagfp,6.0,5.0,51041.74485623417,10511.765719184114,40529.97913705005,13.63335633277893,openmm_minimized
amcyan1,4.0,8.0,857331.5055896046,14510.816951830351,842820.6886377742,11.760881662368774,openmm_minimized
amfp495,6.0,5.0,5029795.989128925,14581.78265193518,5015214.20647699,11.555376768112184,openmm_minimized
amilcp-orange,4.0,8.0,81702.85021236849,12848.49554331369,68854.3546690548,12.386572360992432,openmm_minimized
amilcp-pink,9.0,11.0,79621.58235954895,12832.130723231448,66789.4516363175,12.585136890411375,openmm_minimized
amilcp580,7.0,9.0,50260.11687969944,11655.118777264635,38604.9981024348,11.756888389587402,openmm_minimized
amilcp586,4.0,7.0,49893.07034982296,10862.031904289332,39031.038445533624,11.074293613433838,openmm_minimized
amilcp604,4.0,9.0,44026.84043994809,12070.607289569916,31956.233150378175,11.281215906143188,openmm_minimized
amilfp484,6.0,10.0,119783.74890900576,15266.201992945777,104517.54691606,13.28794240951538,openmm_minimized
amilfp490,5.0,10.0,283194.2021932564,15081.888428887683,268112.3137643687,13.784266233444214,openmm_minimized
amilfp497,6.0,8.0,78207.89859587149,15234.493506920206,62973.40508895129,13.751896142959597,openmm_minimized
amilfp504,4.0,7.0,71982.12221110145,15494.24877945383,56487.87343164762,13.07142186164856,openmm_minimized
amilfp512,4.0,8.0,187860.6902481066,16109.877345162826,171750.81290294378,13.898293018341064,openmm_minimized
amilfp513,6.0,8.0,-116652.34489724875,16340.096269092526,-132992.4411663413,13.431631088256836,openmm_minimized
amilfp593,5.0,7.0,530343.0419003285,13406.485790941051,516936.5561093874,11.359510660171509,openmm_minimized
amilfp597,6.0,11.0,728605.8155787988,13510.157630243728,715095.6579485551,12.12379503250122,openmm_minimized
amilgfp,6.0,8.0,330068.5621810578,16295.283533189502,313773.2786478683,10.428491830825806,openmm_minimized
anm1gfp1,4.0,4.0,1889718.5317153125,9566.841329846036,1880151.6903854664,15.051782131195068,openmm_minimized
anm1gfp2,11.0,13.0,894513.6579861146,11092.873526716716,883420.7844593979,13.755757331848145,openmm_minimized
anm2cp,13.0,17.0,98968.411186405,14482.54031213396,84485.87087427104,12.538967370986938,openmm_minimized
anobcfp1,5.0,10.0,-34201938.49845445,15413.32131012651,-34217351.81976458,12.934507846832275,openmm_minimized
anobcfp2,4.0,7.0,107811.53942716088,16579.361859444525,91232.17756771635,11.727540731430054,openmm_minimized
anobgfp,7.0,12.0,-614826.403507771,16964.466585593087,-631790.870093364,12.655431985855104,openmm_minimized
apulcp584,6.0,10.0,488868.1646603464,12165.731871971186,476702.4327883752,11.253405332565308,openmm_minimized
apulfp483,5.0,9.0,86866.79266356915,15790.180105190746,71076.6125583784,10.49582862854004,openmm_minimized
aq14,9.0,15.0,423208.6209190236,12886.187141150269,410322.4337778733,12.009268045425417,openmm_minimized
aq143,8.0,13.0,134760.20596940615,13809.52090185816,120950.68506754798,11.213351726531982,openmm_minimized
aquamarine,7.0,5.0,55047.28804123616,12499.551620249633,42547.73642098652,11.721742630004885,openmm_minimized
ascp562,4.0,8.0,62685.61800509428,14014.4353914416,48671.18261365268,13.022030353546144,openmm_minimized
asred2,3.0,9.0,3652481.928671084,13622.916711927754,3638859.011959156,13.821253299713137,openmm_minimized
atenfp,4.0,7.0,82934.31779797986,13013.542231253428,69920.77556672643,11.800228595733644,openmm_minimized
avgfp454,6.0,6.0,53935.04610014678,11530.161723126585,42404.88437702019,11.895816326141356,openmm_minimized
avicfp1,13.0,14.0,83893.02402575819,10990.094993803354,72902.92903195483,13.261691331863403,openmm_minimized
avicfp2,2.0,2.0,80340.49385151014,10213.098941710668,70127.39490979948,13.69000506401062,openmm_minimized
avicfp3,1.0,1.0,125359.08448993137,10301.103536863862,115057.98095306753,10.840902328491213,openmm_minimized
avicfp4,9.0,9.0,105708.93022325044,12167.957104082465,93540.97311916796,13.452383756637571,openmm_minimized
azaleab5,5.0,7.0,109300.96664988308,14575.913213973705,94725.0534359094,10.278982162475586,openmm_minimized
azamigreen,5.0,8.0,87289.98734228383,8720.094301359786,78569.89304092404,14.077298402786257,openmm_minimized
azurite,5.0,7.0,59363.0078322953,11032.482298535102,48330.5255337602,12.501664161682127,openmm_minimized
bdfp20,6.0,8.0,25252510.59053923,16135.205552481417,25236375.384986747,21.899141788482662,openmm_minimized
bflogfpa1,11.0,15.0,352623.85796648747,15647.740976625004,336976.11698986246,13.236140966415403,openmm_minimized
bfp,7.0,6.0,53389.57548288297,11423.54852691659,41966.02695596638,12.897308111190796,openmm_minimized
bfp5,6.0,6.0,53109.528768529104,11967.838352658042,41141.69041587106,10.344005823135376,openmm_minimized
bfpa5,7.0,8.0,550000.744324255,11080.828795698284,538919.9155285568,12.160694360733032,openmm_minimized
bluebonnet2,15.0,13.0,123599.014926547,13079.977257812938,110519.03766873406,13.539026975631714,openmm_minimized
bruslee,10.0,8.0,53770.415302089226,11196.915036561662,42573.50026552756,11.632675409317017,openmm_minimized
bsdronpa,5.0,7.0,86551.25579342995,10891.6190273303,75659.63676609966,13.493603467941284,openmm_minimized
c3pa-gfp,4.0,6.0,60087.23544029232,11462.565817172976,48624.669623119335,11.239922523498535,openmm_minimized
car-geco1,16.0,20.0,236542795.31070352,19348.115462709953,236523447.1952408,20.936949014663696,openmm_minimized
ccalgfp1,4.0,11.0,69074.71731631091,13907.12850019334,55167.58881611757,12.742287158966064,openmm_minimized
ccalgfp3,5.0,6.0,73105.88554519843,9165.904079973196,63939.98146522523,13.57032561302185,openmm_minimized
ccalofp1,10.0,16.0,292319.9820755684,14030.87510506633,278289.10697050206,13.404743671417236,openmm_minimized
ccalrfp1,6.0,8.0,-32091277.440970972,13622.733334358352,-32104900.17430533,13.334421396255491,openmm_minimized
ccalyfp1,4.0,7.0,69003.6978715658,11929.044112798574,57074.65375876723,11.471988439559937,openmm_minimized
cerfp505,8.0,9.0,286062.47569710395,9368.554602069764,276693.92109503417,11.543943405151367,openmm_minimized
cfp,6.0,6.0,62558.54351634334,11363.233110901672,51195.31040544167,10.762523174285889,openmm_minimized
cfp4,6.0,7.0,52969.30893549635,11651.664026161568,41317.644909334784,14.31272029876709,openmm_minimized
cfp484,6.0,9.0,1555838.7062680773,14598.005018430962,1541240.7012496465,13.500351667404177,openmm_minimized
cfsgfp2,9.0,11.0,65883.4361662914,12404.001457524551,53479.43470876685,12.8677818775177,openmm_minimized
cgfmkate2,13.0,16.0,85608.1064935654,8684.058583750679,76924.04790981472,12.15803074836731,openmm_minimized
cgfp,4.0,6.0,71224.32161404047,11762.75241895658,59461.56919508389,10.98669171333313,openmm_minimized
cgftagrfp,5.0,9.0,89092.21722379762,9418.648489797572,79673.56873400004,11.601597785949709,openmm_minimized
cgigcp,7.0,12.0,-3865567.309621777,11003.0098712652,-3876570.319493042,12.758414030075071,openmm_minimized
cgiggfp,9.0,13.0,-201126.63439916016,12504.965653686557,-213631.6000528467,12.044215202331545,openmm_minimized
cgp,7.0,8.0,99309.75689883168,12029.878236776574,87279.87866205513,12.989798545837402,openmm_minimized
chegfp1,3.0,4.0,82879.14658166083,11838.650560590911,71040.4960210699,13.65603256225586,openmm_minimized
chegfp2,12.0,14.0,3298833448.890121,16415.291420471796,3298817033.5987005,13.876548528671265,openmm_minimized
chegfp3,6.0,6.0,6924724.640563733,11405.964961963193,6913318.67560177,13.38326621055603,openmm_minimized
chegfp4,25.0,27.0,849352077191.4016,14708.569617712736,849352062482.832,13.910341501235962,openmm_minimized
citrine2,3.0,2.0,48291.10890829656,11773.84734319489,36517.261565101675,13.11326789855957,openmm_minimized
cjblue2,5.0,10.0,110605.01446483344,11232.348323363654,99372.6661414698,14.556612014770508,openmm_minimized
cjfp510,12.0,11.0,2272370.7569390577,9221.785757448662,2263148.971181609,13.592668533325195,openmm_minimized
clover15,7.0,5.0,49881.79791023831,10875.088439789277,39006.70947044904,10.452588081359863,openmm_minimized
cpascp,7.0,12.0,11706928.791866018,11417.4792901969,11695511.31257582,11.217822313308716,openmm_minimized
cpcitrine,6.0,10.0,1350412.3369393952,12198.899489257858,1338213.4374501372,14.024515628814695,openmm_minimized
crimson,7.0,16.0,187796.22836722704,11825.454500374706,175970.77386685234,13.137365102767944,openmm_minimized
crispred2s,5.0,8.0,70846.36547034052,8536.51049004779,62309.85498029273,13.462021112442017,openmm_minimized
cu17s,9.0,8.0,187817.52301681403,14733.25206946568,173084.27094734836,12.711220979690552,openmm_minimized
cyofp1,8.0,14.0,772829.2721568898,9942.747611117797,762886.524545772,13.964281797409058,openmm_minimized
cypet,9.0,7.0,72038.41470697103,12031.130161215771,60007.28454575526,11.319021701812744,openmm_minimized
cyrfp1,13.0,20.0,1299098.885395278,10049.755127473274,1289049.1302678047,14.37238073348999,openmm_minimized
d-rfp618,12.0,14.0,256365.10070036465,10690.057244413863,245675.04345595077,11.92209815979004,openmm_minimized
d10,10.0,10.0,62822.84061727364,12022.09834012234,50800.7422771513,13.032211065292358,openmm_minimized
d1eosfp,5.0,8.0,70260.2452381763,9333.112694058604,60927.132544117696,11.4354145526886,openmm_minimized
d2eosfp,6.0,9.0,76760.64792558974,9634.950413828135,67125.69751176161,11.389758348464966,openmm_minimized
darkvenus,9.0,9.0,55352.548578419504,11484.940886836335,43867.607691583165,11.732927083969116,openmm_minimized
dclavgr16,5.0,8.0,200511.3935204684,13336.150970137254,187175.24255033117,12.820316791534424,openmm_minimized
dclover2,9.0,5.0,-103195.96143059211,11559.60284692468,-114755.5642775168,11.63181495666504,openmm_minimized
dclover2-a206k,7.0,5.0,1146682.0102581305,11068.606063722124,1135613.404194408,12.02648663520813,openmm_minimized
dcyofp2s,7.0,13.0,94477.9060677318,10538.6341653033,83939.27190242849,13.911175966262816,openmm_minimized
dcyrfp2s,12.0,16.0,501913.4081704804,10334.299583575015,491579.1085869054,12.22072434425354,openmm_minimized
degfp2,3.0,4.0,58582.8166921571,12369.126827242444,46213.68986491466,12.425106525421144,openmm_minimized
degfp3,6.0,6.0,68030.40273714377,11484.526525906567,56545.876211237206,13.298792600631714,openmm_minimized
degfp4,3.0,4.0,80423.64422659921,12127.80326261429,68295.84096398491,12.71552562713623,openmm_minimized
dendfp,4.0,7.0,-6967020.963470428,9922.04787437395,-6976943.011344803,12.480836868286133,openmm_minimized
dendra,5.0,7.0,57386.601165740416,10221.310821962066,47165.29034377835,13.209312915802002,openmm_minimized
dendra2-m159a,3.0,8.0,58526.774231141826,10650.766574603374,47876.00765653845,12.745833158493042,openmm_minimized
dendra2-t69a,3.0,6.0,58804.37941315687,10467.60222138218,48336.777191774694,13.986070156097412,openmm_minimized
dfgfp,13.0,16.0,406992.23565047985,14544.301417986851,392447.934232493,13.399186611175535,openmm_minimized
dhorgfp,6.0,10.0,101853.37735642793,15326.456464795903,86526.92089163202,11.128247022628784,openmm_minimized
dhorrfp,9.0,11.0,61226.66171485335,14585.391866670148,46641.269848183205,13.44710922241211,openmm_minimized
dimer1,4.0,8.0,93157.66953289602,10804.665008575215,82353.0045243208,13.6350736618042,openmm_minimized
dimer2,3.0,8.0,93499.5948934573,10380.978905818794,83118.6159876385,13.132423639297484,openmm_minimized
dimvenus,5.0,4.0,50149.870731660165,12212.110269068964,37937.7604625912,12.911826610565186,openmm_minimized
diogenes,4.0,5.0,146644.06492845606,8381.634117470972,138262.4308109851,12.554920196533203,openmm_minimized
dis2rfp,4.0,7.0,368995.0585021726,11328.43237114113,357666.62613103143,13.591281175613403,openmm_minimized
dis3gfp,7.0,11.0,86185.68200991317,11813.934185364167,74371.747824549,12.934066772460938,openmm_minimized
dkeima,6.0,8.0,2388885896.995582,11959.658353308889,2388873937.337229,13.570583820343018,openmm_minimized
dkeima570,1.0,7.0,33784097.69810241,12227.433665768567,33771870.26443664,13.329264640808104,openmm_minimized
dlanyfp,10.0,12.0,58558647.10390591,13431.958753888815,58545215.14515202,12.347152948379517,openmm_minimized
dpapaya01,6.0,8.0,96897.55127514996,15999.636822211169,80897.91445293878,14.182862520217896,openmm_minimized
dronpa-2,5.0,7.0,1625193.1850282466,10567.223418226942,1614625.9616100197,13.190155744552612,openmm_minimized
dronpa-3,5.0,7.0,134820.2576897057,11142.731105559633,123677.52658414606,11.956986665725708,openmm_minimized
dspr1,6.0,9.0,319194.70989656524,12976.643911473751,306218.0659850915,14.36478590965271,openmm_minimized
dsred-express,4.0,8.0,147782.161494069,12691.482228954435,135090.67926511457,12.974259853363035,openmm_minimized
dsred-express2,4.0,8.0,18230168.80281454,13301.950440073218,18216866.852374468,11.399660110473633,openmm_minimized
dsred-nf,5.0,10.0,73420.96112529252,10968.24411889358,62452.71700639895,12.923843145370483,openmm_minimized
dsred-timer,5.0,9.0,81122.51901833805,10996.607641652492,70125.91137668556,11.061556816101074,openmm_minimized
dsred2,5.0,10.0,102840.56108137584,12230.738010046703,90609.82307132916,11.55302667617798,openmm_minimized
dsredt3,4.0,8.0,726026.6292689074,12200.277946389897,713826.3513225175,10.5282723903656,openmm_minimized
dstc1,7.0,10.0,122726521.04141577,11589.269097050796,122714931.7723187,12.183546781539915,openmm_minimized
dtfp01,5.0,5.0,69775.88513690866,13633.015226497257,56142.869910411406,12.39303731918335,openmm_minimized
dtfp02,5.0,5.0,209411.64157982313,13287.949515495451,196123.69206432768,13.658660173416138,openmm_minimized
dtomato,2.0,6.0,70262.23953657303,11670.193156554067,58592.04638001896,13.386022567749023,openmm_minimized
dultramarine2,4.0,5.0,71109.07524313431,10041.472250916726,61067.60299221759,12.03685998916626,openmm_minimized
dvfp,6.0,8.0,349402.3662577203,10517.208294533024,338885.15796318726,11.687235355377195,openmm_minimized
e2-crimson,4.0,5.0,1404987.948711736,13041.993690946209,1391945.9550207898,11.209802627563477,openmm_minimized
e2-crimson-nf,5.0,6.0,169383.98728304764,13352.216908582996,156031.77037446463,13.029374361038208,openmm_minimized
e2-orange,3.0,8.0,157941.45420119065,13660.735807648256,144280.7183935424,13.316335439682009,openmm_minimized
e2-redgreen,3.0,6.0,77191.23840668247,13338.249614266952,63852.98879241552,12.958741903305054,openmm_minimized
eagfp,5.0,6.0,68046.89421874098,9849.46326975777,58197.430948983216,12.189867734909058,openmm_minimized
ebfp,10.0,10.0,66300.804708976,11893.484247382014,54407.320461593976,12.136164426803589,openmm_minimized
ebfp12,4.0,8.0,63128.47690803996,10238.005721254129,52890.47118678583,10.37796711921692,openmm_minimized
ebfp15,3.0,6.0,54075.58539349885,10703.224745752725,43372.36064774612,13.033195495605469,openmm_minimized
ebfp2,8.0,8.0,61893.99348201903,10087.03094278941,51806.96253922962,10.37180995941162,openmm_minimized
ecfp-h148d,6.0,4.0,56904.899415241656,11169.16134275137,45735.73807249029,12.406873941421509,openmm_minimized
ecgfp,5.0,5.0,66952.1870948654,11611.350864227988,55340.83623063741,12.453616619110107,openmm_minimized
ecgp123,5.0,8.0,75446.92508326282,10441.73895009442,65005.1861331684,11.772411108016968,openmm_minimized
echfp,9.0,12.0,1280881.5749013696,13356.458856605455,1267525.1160447642,11.918581485748293,openmm_minimized
echifp,7.0,12.0,55243.193108003805,13437.397438175383,41805.795669828425,11.082815647125244,openmm_minimized
eechgfp1,19.0,20.0,252077.93026849057,12768.665498486274,239309.2647700043,12.714391946792604,openmm_minimized
eechgfp2,5.0,9.0,79574.4441648759,12748.86648181919,66825.5776830567,11.68479609489441,openmm_minimized
eechgfp3,4.0,6.0,79438.73222966488,11155.328811507525,68283.40341815735,12.052100419998167,openmm_minimized
eechrfp,4.0,8.0,628563.1454831372,12121.525097866685,616441.6203852706,12.498344898223875,openmm_minimized
efascfp,9.0,11.0,18253558.638558157,9062.899162183538,18244495.739395972,11.129236221313477,openmm_minimized
efasgfp,9.0,13.0,2391192.225751521,10812.810578578898,2380379.415172942,12.249666452407835,openmm_minimized
electra1,6.0,9.0,183634.17594190713,9004.711475558439,174629.4644663487,11.326168298721312,openmm_minimized
electra2,7.0,12.0,78225.4209467561,9614.991363022966,68610.42958373313,13.628885746002195,openmm_minimized
emerald,7.0,7.0,65570.97543553781,11913.963641619228,53657.01179391858,10.110382795333862,openmm_minimized
eosfp,5.0,7.0,58531.443910474474,9385.673789229597,49145.770121244874,11.242019176483154,openmm_minimized
eqfp578,7.0,8.0,143329.68018892326,11807.248332437186,131522.43185648607,12.363224506378174,openmm_minimized
eyfp,9.0,10.0,46906.628357918424,12263.396017992132,34643.23233992629,11.618178606033323,openmm_minimized
eyfp-f46l,8.0,10.0,46858.883599774264,11740.821576723489,35118.06202305078,14.157684564590454,openmm_minimized
eyfp-q69k,7.0,11.0,47187.177422330715,12182.94770818629,35004.22971414443,13.7320396900177,openmm_minimized
eygfp,8.0,12.0,513083.04100604635,12531.614670307135,500551.4263357392,10.784494400024414,openmm_minimized
eygfpuv,5.0,8.0,9491678448.75371,14242.517181738916,9491664206.236528,13.498509407043455,openmm_minimized
eygpdp,11.0,12.0,7717914.342981305,12495.747779413972,7705418.595201891,12.358481884002686,openmm_minimized
fabdgfp,2.0,7.0,48673.213107095966,14455.891426013925,34217.321681082045,13.804024696350098,openmm_minimized
fast-ft,1.0,1.0,223323.9236547185,11340.85205704698,211983.07159767151,12.156954526901243,openmm_minimized
fcfp,5.0,7.0,310904.5198951285,9557.284647257433,301347.2352478711,13.417711734771729,openmm_minimized
fcomfp,10.0,9.0,2483444555.4924006,16418.018426423387,2483428137.473974,15.508123874664308,openmm_minimized
ffdronpa,4.0,5.0,82297.60792121192,10937.505722205611,71360.10219900632,11.58241891860962,openmm_minimized
fp586,4.0,9.0,90840.58041035934,12361.665490945576,78478.91491941376,12.320396423339844,openmm_minimized
fpaagar,7.0,11.0,6526815.419631997,10073.956971892823,6516741.462660104,14.180190801620483,openmm_minimized
fpag_frag,8.0,11.0,928317.069136997,8608.921994286966,919708.14714271,15.36426854133606,openmm_minimized
fpcondchrom,6.0,9.0,661113.7902525888,11371.83174223585,649741.958510353,11.32755994796753,openmm_minimized
fpmcavgr77,6.0,8.0,76317.9061321178,11595.877417773994,64722.0287143438,13.813783884048462,openmm_minimized
fprfl23,9.0,11.0,439784.71828315937,14348.809398245654,425435.9088849137,10.848656415939333,openmm_minimized
fr-1,4.0,6.0,108030.33168249264,10707.617096526455,97322.71458596618,13.288673877716064,openmm_minimized
free-use-gfp,9.0,9.0,50744.47399518312,5979.298431222334,44765.17556396079,11.263244867324827,openmm_minimized
frskylan-s,5.0,6.0,67282.67923475611,8015.896216030681,59266.78301872543,12.044692277908323,openmm_minimized
fusionred,7.0,9.0,195710.42582815432,10636.034450540614,185074.3913776137,11.107378244400024,openmm_minimized
fusionred-m,8.0,11.0,336087.2736198981,11225.407474933258,324861.8661449648,11.275609970092772,openmm_minimized
fusionred-mqv,9.0,10.0,67867.87060028636,9841.259125865496,58026.61147442087,11.859519243240356,openmm_minimized
fwyellow,9.0,8.0,1788600820.9602065,17188.938031316404,1788583632.022175,12.25188946723938,openmm_minimized
g1,4.0,6.0,1051832502.122535,12240.87042426547,1051820261.2521108,13.306542158126833,openmm_minimized
g2,4.0,4.0,8252254.407699066,12332.107429172402,8239922.300269893,11.9111487865448,openmm_minimized
g3,7.0,8.0,5680293.770127303,12638.85593233344,5667654.914194969,10.289093494415283,openmm_minimized
g3gfp,6.0,7.0,227415.24609906532,11115.881713199564,216299.36438586577,10.819623708724976,openmm_minimized
gamillus01,14.0,12.0,6132885.062219354,12904.78519326271,6119980.277026092,10.886272192001345,openmm_minimized
gamillus02,8.0,15.0,31185361308.818043,14173.204746767444,31185347135.613297,12.243850469589232,openmm_minimized
gamillus03,9.0,13.0,166265.23082050055,12883.139336564567,153382.09148393598,12.566914558410645,openmm_minimized
gamillus04,10.0,17.0,461310761.5689113,12575.836875510586,461298185.7320358,12.718849182128906,openmm_minimized
gamillus05,9.0,16.0,131500.90769516493,12636.311406520144,118864.5962886448,12.133236169815063,openmm_minimized
gdjicp,3.0,7.0,52510.92496717997,12084.538100070462,40426.38686710951,11.781289339065552,openmm_minimized
gdt,7.0,10.0,-62770.68145962063,11863.50276498222,-74634.18422460285,12.254621982574465,openmm_minimized
gfasgfp,4.0,7.0,237388.97412951593,7968.448704701201,229420.52542481472,11.440065383911133,openmm_minimized
gfpe222g,7.0,6.0,51044.542696257726,11074.691814612212,39969.850881645514,13.325615882873535,openmm_minimized
gfpmut2,8.0,7.0,44860.7556768302,11923.482819928056,32937.27285690215,10.657101154327393,openmm_minimized
gfpmut3,6.0,6.0,53479.15394221638,12214.84459419824,41264.309348018134,10.42252516746521,openmm_minimized
gfpxm16,7.0,8.0,71730.53620233823,11639.343240265158,60091.19296207307,11.502570390701294,openmm_minimized
gfpxm161,9.0,9.0,65245.316703501725,11462.218673442112,53783.09803005961,10.48745608329773,openmm_minimized
gfpxm162,8.0,8.0,30536737999.744907,12379.23335713562,30536725620.51155,12.67610478401184,openmm_minimized
gfpxm163,8.0,9.0,82187.68838353091,11259.656902914732,70928.03148061618,14.20471739768982,openmm_minimized
gfpxm18,8.0,8.0,673351.6706499854,11421.8790781649,661929.7915718205,12.415767192840576,openmm_minimized
gfpxm181uv,10.0,9.0,73493.54169625367,11939.315081737504,61554.22661451616,12.46946406364441,openmm_minimized
gfpxm18uv,11.0,9.0,71962.54497714125,12239.137887271849,59723.407089869404,12.337591648101808,openmm_minimized
gfpxm19,8.0,7.0,35394429.89696545,12432.11789621025,35381997.779069245,10.622642993927002,openmm_minimized
gfpxm191uv,6.0,6.0,198440.48762935473,11781.367636657586,186659.11999269715,13.522162675857544,openmm_minimized
gfpxm19uv,8.0,9.0,68335.3817522538,12372.19418729739,55963.18756495641,10.240994215011597,openmm_minimized
ggvt,13.0,18.0,7605499589.967206,30306.566465321124,7605469283.400741,26.013634204864506,openmm_minimized
grvt,10.0,12.0,6242380758.895646,28332.74532457081,6242352426.150322,23.91948437690735,openmm_minimized
gtencp,5.0,7.0,60990.15960070963,11940.265208342862,49049.89439236677,12.097209692001345,openmm_minimized
h2-3,11.0,12.0,14006569.898670264,13419.42400391086,13993150.474666355,13.564265489578249,openmm_minimized
h9,7.0,6.0,49289.61726824099,11290.083289590271,37999.53397865072,11.199529647827148,openmm_minimized
hcred-tandem,14.0,17.0,109939981.4717261,11190.683830495496,109928790.7878956,11.88691234588623,openmm_minimized
hcred1-blue,14.0,22.0,1073427.521708352,12784.925958835654,1060642.5957495165,11.392092227935793,openmm_minimized
hcricp,7.0,9.0,79279.19333703173,8754.073261552603,70525.12007547912,13.72597050666809,openmm_minimized
hcrigfp,4.0,11.0,4904629.624530281,14218.175901951932,4890411.448628329,11.4749858379364,openmm_minimized
hfrifp,6.0,6.0,305538.06459878484,10134.389559479823,295403.675039305,11.840413331985474,openmm_minimized
hmgfp,22.0,21.0,519311005.8030176,13777.532072306363,519297228.27094525,11.910899877548218,openmm_minimized
hmkeima85,10.0,11.0,359172.4707234421,10867.226220728451,348305.2445027136,10.1548171043396,openmm_minimized
htfunclib_acid1,8.0,8.0,54023.11280412998,13585.988776742255,40437.12402738773,13.383568286895752,openmm_minimized
htfunclib_acid2,7.0,7.0,67778.93741994388,13211.856282859677,54567.0811370842,14.527162551879885,openmm_minimized
htfunclib_acid3,1.0,1.0,400277.7309124485,13813.472134959948,386464.25877748855,12.995291709899902,openmm_minimized
htfunclib_acid4,10.0,10.0,69464.74004489824,13128.112320318114,56336.627724580125,11.475666284561155,openmm_minimized
htfunclib_acid5,14.0,11.0,70202.48303087783,12380.308697748114,57822.17433312972,14.696596384048462,openmm_minimized
htfunclib_acid6,10.0,10.0,61626.817771302034,13305.390886190691,48321.426885111345,14.62063765525818,openmm_minimized
htfunclib_basic1,8.0,8.0,2296456.779856147,13074.27666229153,2283382.5031938553,13.458334922790527,openmm_minimized
htfunclib_basic2,9.0,8.0,61251.27906547895,12860.01992188268,48391.25914359627,12.563042163848875,openmm_minimized
htfunclib_basic3,12.0,10.0,62822.10013288467,12926.570147062786,49895.52998582189,13.817910194396973,openmm_minimized
htfunclib_basic4,7.0,6.0,85303.2440395721,13784.90979928408,71518.33424028802,13.433579444885254,openmm_minimized
htfunclib_basic6,9.0,8.0,62338.88422128635,13499.619930146107,48839.26429114024,13.908134698867798,openmm_minimized
htfunclib_bleach1,2.0,5.0,6741621.849384815,14756.068542978845,6726865.780841837,13.663068056106567,openmm_minimized
htfunclib_bleach2,9.0,8.0,58991.185624238155,12874.37800166668,46116.80762257147,13.288910865783691,openmm_minimized
htfunclib_bleach3,13.0,11.0,59043.3645644928,12939.949666268669,46103.41489822414,11.28928565979004,openmm_minimized
htfunclib_bleach4,12.0,10.0,109031.2822019224,12695.224487613195,96336.0577143092,12.471109628677368,openmm_minimized
htfunclib_bleach5,9.0,8.0,75073.21353556619,12720.371180680091,62352.842354886096,12.794915676116943,openmm_minimized
htfunclib_bleach6,10.0,11.0,62905.30795218736,12989.533754578528,49915.77419760883,14.175853490829468,openmm_minimized
htfunclib_em-blue-shift1,12.0,13.0,84811.56827407023,13917.483474546843,70894.08479952339,13.098033666610718,openmm_minimized
htfunclib_em-blue-shift2,10.0,10.0,417306.1346325272,13001.754752374043,404304.3798801532,13.355154514312744,openmm_minimized
htfunclib_fast1,11.0,8.0,61936.625156497066,13003.11976066777,48933.5053958293,11.078916788101196,openmm_minimized
htfunclib_fast2,11.0,9.0,66549.18725456225,12375.081909545404,54174.10534501684,11.446141958236694,openmm_minimized
htfunclib_fast3,10.0,9.0,67245.27610113654,13482.893768410968,53762.38233272557,11.24450135231018,openmm_minimized
htfunclib_fast4,13.0,9.0,89354.39066340026,13090.278035364836,76264.11262803542,13.699136972427368,openmm_minimized
htfunclib_mid10,11.0,9.0,67547.71626320323,12500.09176134673,55047.624501856495,13.128326892852783,openmm_minimized
htfunclib_mid11,12.0,8.0,72958.80727253086,13765.362314128372,59193.44495840248,13.350473165512083,openmm_minimized
htfunclib_mid12,13.0,11.0,55772.766647716744,12334.158813413334,43438.60783430341,12.029458284378052,openmm_minimized
htfunclib_mid13,10.0,8.0,59724.46853951462,12502.476570918969,47221.991968595656,10.706075191497805,openmm_minimized
htfunclib_mid2,9.0,10.0,63223.43587266773,14131.84781270538,49091.58805996235,11.664544820785522,openmm_minimized
htfunclib_mid3,17.0,16.0,14418580.260810075,14847.735800241488,14403732.525009831,12.527108430862429,openmm_minimized
htfunclib_mid4,9.0,7.0,67209.14579895555,12885.5698923658,54323.57590658975,11.968019247055054,openmm_minimized
htfunclib_mid5,9.0,9.0,62389.160722027875,12280.857947284729,50108.30277474315,12.261471271514893,openmm_minimized
htfunclib_mid6,10.0,7.0,58409.24039257152,13289.15652490666,45120.08386766486,12.409820556640623,openmm_minimized
htfunclib_mid7,12.0,8.0,94256.76720788618,12285.21857420932,81971.54863367687,11.804343700408936,openmm_minimized
htfunclib_mid8,9.0,8.0,846564.7246981293,12998.137859531404,833566.5868385979,12.691574096679688,openmm_minimized
htfunclib_mid9,11.0,11.0,60038.59272994184,12743.739625110484,47294.85310483136,13.13585901260376,openmm_minimized
htfunclib_photostable1,8.0,7.0,56810.90067500572,13397.79771228746,43413.102962718265,11.860433578491213,openmm_minimized
htfunclib_photostable2,9.0,8.0,81538.05676519171,12914.001787037514,68624.05497815419,10.415992975234984,openmm_minimized
htfunclib_sfacid3,6.0,7.0,142857.34750932473,12047.78405986689,130809.56344945784,13.28296446800232,openmm_minimized
htfunclib_sfacid4,4.0,8.0,122129.56353098773,11561.422286887297,110568.14124410042,13.72625970840454,openmm_minimized
htfunclib_sfacid5,6.0,11.0,206636162222.19504,11142.290017833096,206636151079.90503,13.461884260177612,openmm_minimized
htfunclib_sfbleach1,13.0,16.0,23219467188.398552,15662.1160569309,23219451526.282497,12.45901584625244,openmm_minimized
htfunclib_sfbleach2,5.0,8.0,68434.50149457756,11266.060963614937,57168.44053096262,12.407525539398192,openmm_minimized
htfunclib_sfbleach3,5.0,6.0,86573.87416334347,11255.876344054524,75317.99781928895,13.68208932876587,openmm_minimized
htfunclib_sfem-blue-shift1,3.0,7.0,295259.2329805368,14437.053361997789,280822.17961853906,13.257792234420776,openmm_minimized
htfunclib_sfem-blue-shift2,10.0,13.0,8583188230.563094,14637.970113960002,8583173592.59298,14.590351104736328,openmm_minimized
htfunclib_sffast3,4.0,6.0,66804.4120719926,11937.15182500245,54867.26024699015,13.892579078674316,openmm_minimized
htfunclib_sfmid10,4.0,7.0,70391.15729351544,11284.277695287434,59106.879598228006,11.695635795593262,openmm_minimized
htfunclib_sfmid11,4.0,6.0,66692.03097016856,11105.996740490851,55586.03422967771,13.357026815414429,openmm_minimized
htfunclib_sfmid12,8.0,6.0,53202.06528189888,10642.386077053608,42559.67920484528,12.139926433563232,openmm_minimized
htfunclib_sfmid5,5.0,5.0,61766.203958939266,10473.230052791156,51292.97390614811,13.781831741333008,openmm_minimized
htfunclib_sfmid7,4.0,7.0,543570.2044672855,11101.24152608043,532468.9629412051,12.97675609588623,openmm_minimized
htfunclib_sfmid9,4.0,5.0,76135.05453288268,10839.27975109078,65295.7747817919,10.943218231201172,openmm_minimized
htfunclib_sfphotostable1,4.0,8.0,67986.63405119549,11137.832917039916,56848.801134155576,14.557032823562622,openmm_minimized
htfunclib_sfphotostable2,4.0,9.0,103127.76808915644,12112.34559102638,91015.42249813006,13.14589500427246,openmm_minimized
htfunclib_sfthermo2,4.0,6.0,1622420.405173918,11091.21496432207,1611329.190209596,14.6823410987854,openmm_minimized
htfunclib_sfthermo9,4.0,8.0,64958.90952124329,11150.424862923168,53808.48465832012,12.330252647399902,openmm_minimized
htfunclib_slow1,9.0,7.0,69196.25700952188,13918.78447198592,55277.47253753596,10.786768436431885,openmm_minimized
htfunclib_slow2,10.0,10.0,59990.85436393684,13008.172685542831,46982.681678394016,15.579604625701904,openmm_minimized
htfunclib_slow3,10.0,8.0,63196.66921082177,12674.602333047646,50522.06687777412,11.86414670944214,openmm_minimized
htfunclib_slow4,10.0,11.0,132752.45432111874,14384.32698404921,118368.12733706953,13.247777223587036,openmm_minimized
htfunclib_slow5,7.0,5.0,61651.383273768864,14082.324223842928,47569.059049925934,12.532898187637327,openmm_minimized
htfunclib_thermo1,9.0,9.0,60336.68239875215,13628.419917034553,46708.2624817176,12.896464586257936,openmm_minimized
htfunclib_thermo2,11.0,10.0,87712.33479865211,13923.91872043994,73788.41607821218,12.065833568572998,openmm_minimized
htfunclib_thermo3,9.0,9.0,63784.585699788106,13151.938161446573,50632.64753834153,11.123319149017334,openmm_minimized
htfunclib_thermo4,11.0,11.0,72184.27605488856,14023.783491340962,58160.4925635476,10.220275163650513,openmm_minimized
htfunclib_thermo5,7.0,7.0,56672.883373350785,12037.05964428075,44635.823729070034,12.475350618362429,openmm_minimized
htfunclib_thermo6,9.0,9.0,58931.45545110081,13475.793107728045,45455.662343372765,10.376878023147585,openmm_minimized
htfunclib_thermo8,10.0,9.0,633407.301963249,13315.819517969949,620091.482445279,10.756437301635742,openmm_minimized
htfunclib_thermo9,11.0,10.0,64809.4139626199,12616.96880582074,52192.44515679917,12.295320510864258,openmm_minimized
iq-memerald,9.0,8.0,60769.20208710605,12218.735741619574,48550.46634548648,13.412297248840332,openmm_minimized
jred,12.0,17.0,568719.9351519374,10349.437161265065,558370.4979906724,14.50240707397461,openmm_minimized
kaede,6.0,8.0,260634.61438777743,11358.320720798523,249276.2936669789,12.805295944213867,openmm_minimized
katushka-9-5,6.0,11.0,254787.5879976682,13051.86251391223,241735.72548375596,11.823633670806885,openmm_minimized
katushka2s,8.0,13.0,118065.15701148155,11505.859109664889,106559.29790181668,12.365817546844482,openmm_minimized
kcy-g4219,5.0,9.0,85672.62943329212,14342.958748891017,71329.6706844011,12.799171924591064,openmm_minimized
kcy-g4219-38l,4.0,6.0,51397.09584596028,14847.73252791178,36549.3633180485,12.983394861221312,openmm_minimized
kcy-r1-158a,6.0,8.0,79566.51468911981,14896.431176181484,64670.08351293833,10.25277590751648,openmm_minimized
kcy-r1-38h,9.0,7.0,76444.56570294464,15978.378589799437,60466.187113145206,12.168246984481812,openmm_minimized
kcy-r1-38l,1.0,6.0,91527.48516490884,15339.647829407651,76187.83733550119,13.15129828453064,openmm_minimized
kfp1,3.0,10.0,188838.23705103408,14104.17791002982,174734.05914100425,12.891860723495483,openmm_minimized
ko,4.0,7.0,67003.60747977466,14252.782034710805,52750.82544506385,11.600483894348145,openmm_minimized
kohinoor,4.0,7.0,150363.85151702494,10420.0667856699,139943.78473135503,11.757606744766235,openmm_minimized
kohinoor20,10.0,17.0,271072317.80788434,14130.479427052353,271058187.3284573,13.561543464660645,openmm_minimized
laesgfp,12.0,11.0,-6593101.404619813,10554.950282739195,-6603656.354902552,13.50078797340393,openmm_minimized
lanfp1,20.0,20.0,5416954394.925268,16187.97862044154,5416938206.946648,12.78874945640564,openmm_minimized
lanfp2,13.0,12.0,126426.36079503394,15421.223655592808,111005.13713944113,12.159302711486816,openmm_minimized
lime,6.0,7.0,62077.980584458215,9260.37092042892,52817.609664029296,11.06390643119812,openmm_minimized
lssa12,2.0,9.0,56114.8736307255,11049.38022778378,45065.49340294172,10.006057262420654,openmm_minimized
lssmapple,3.0,3.0,60408.733986585816,13364.288637807447,47044.44534877837,12.575740814208984,openmm_minimized
lssmcherry1,3.0,3.0,145007831.58268303,10608.795910788229,144997222.78677225,13.379070520401,openmm_minimized
lssmgfp,5.0,9.0,90845.78918691137,10156.77784042694,80689.01134648442,10.328311681747437,openmm_minimized
lssmscarlet2,3.0,6.0,76058.96092464033,8585.037131111487,67473.92379352884,12.701666355133057,openmm_minimized
lssmscarlet3,3.0,11.0,91073.91253571628,8439.953308912589,82633.95922680368,13.451117753982544,openmm_minimized
m-velour-537,8.0,16.0,498992028.3499323,13733.72177744606,498978294.6281549,13.030871868133543,openmm_minimized
m-velour-553,16.0,22.0,133628353209.65492,13103.068269261716,133628340106.58664,13.972554206848145,openmm_minimized
m-velour-554,12.0,15.0,175019047741.55878,13705.82548907544,175019034035.73328,13.28664779663086,openmm_minimized
m355na,3.0,10.0,79147186.7885947,13898.005656879966,79133288.78293781,12.893169641494753,openmm_minimized
mametrine,8.0,10.0,63739.85183143478,10741.91072721793,52997.94110421685,10.54345202445984,openmm_minimized
mapple,4.0,5.0,782382.0275245802,13043.714507948502,769338.3130166318,12.345026016235352,openmm_minimized
maroon01,9.0,12.0,631054986.5776101,10753.571436560109,631044233.0061736,12.922096014022827,openmm_minimized
mars1,2.0,5.0,687740.2706130022,8446.54493137378,679293.7256816284,11.506512880325316,openmm_minimized
mavicfp1,10.0,10.0,54864.69991994481,11764.844616049497,43099.85530389531,12.06860637664795,openmm_minimized
mbanana,5.0,10.0,91385.93872794684,13041.987823933834,78343.950904013,12.68815016746521,openmm_minimized
mbaojin-t55s,3.0,3.0,400620.26824848,16037.002552880997,384583.26569559897,12.87085747718811,openmm_minimized
mberfp,13.0,16.0,202929.2968727223,9965.23384234582,192964.06303037648,14.122976064682009,openmm_minimized
mblueberry1,5.0,6.0,188923.7031836836,8856.536341018851,180067.16684266477,13.42995309829712,openmm_minimized
mblueberry2,4.0,7.0,14305676.108466458,13754.893800940998,14291921.214665515,11.237813711166382,openmm_minimized
mc1,4.0,7.0,65958.6465496299,9515.01311971389,56443.633429916015,12.004765510559082,openmm_minimized
mc2,6.0,9.0,58054.81698436591,12485.18723090767,45569.62975345824,12.910965204238892,openmm_minimized
mc3,5.0,10.0,2588788.226182508,10531.73494323157,2578256.491239276,11.125494003295898,openmm_minimized
mc4,5.0,8.0,-458164.9687555997,11361.963484642318,-469526.9322402419,13.35111165046692,openmm_minimized
mc5,5.0,8.0,67638.94902255016,10483.425596076188,57155.52342647398,11.530952215194702,openmm_minimized
mc6,8.0,10.0,55183.40730179805,8216.51286918801,46966.89443261004,11.151069402694702,openmm_minimized
mcag1,6.0,7.0,55770.54946427596,12364.27265695496,43406.276807320995,12.223907947540283,openmm_minimized
mcag1ea,7.0,10.0,106930.77535434387,12238.77495089011,94692.00040345376,12.761883020401,openmm_minimized
mcag2,10.0,11.0,61937.17011610966,7157.309031492566,54779.86108461709,11.715381622314451,openmm_minimized
mcarmine,10.0,14.0,5734572.648992453,11794.709753867684,5722777.9392385855,14.346699237823486,openmm_minimized
mcavfp,6.0,8.0,65142.73230397383,11018.793703688683,54123.938600285146,9.91619634628296,openmm_minimized
mcavgfp,6.0,7.0,72901.79244406956,11104.894602093646,61796.89784197592,13.498876810073853,openmm_minimized
mcavrfp,3.0,7.0,69708.29736542434,9601.331045839464,60106.96631958488,11.599015951156616,openmm_minimized
mccfp,5.0,8.0,220967.0942818211,10641.25404127123,210325.84024054988,11.060871839523315,openmm_minimized
mcerulean,5.0,5.0,67914.19872412444,11994.298546963855,55919.90017716058,11.12932538986206,openmm_minimized
mcerulean2,10.0,11.0,66631.2283779383,12980.085867743805,53651.1425101945,11.492417812347412,openmm_minimized
mcerulean2d3,11.0,11.0,65437.9904478718,12537.733557360703,52900.2568905111,13.586814641952516,openmm_minimized
mcerulean2n,10.0,9.0,66647.40775188094,12834.010677715953,53813.39707416498,12.311750173568726,openmm_minimized
mcerulean2nt65s,8.0,6.0,70335.00043438937,13306.291972986168,57028.7084614032,11.822713136672974,openmm_minimized
mceruleanb,9.0,8.0,63404.54057473465,12524.57203162238,50879.96854311227,12.719526767730711,openmm_minimized
mceruleanb2,9.0,11.0,62274.82274835503,12749.766152266608,49525.05659608842,10.49964189529419,openmm_minimized
mceruleanb24,9.0,9.0,67577.69589600319,12126.438306927914,55451.25758907528,10.426484107971191,openmm_minimized
mcfp497,5.0,8.0,118784.86160958758,8753.437698489248,110031.42391109832,13.856248140335085,openmm_minimized
mcfp503,5.0,8.0,73584.85634133074,12309.39204615172,61275.46429517902,12.05712604522705,openmm_minimized
mcfp506,6.0,8.0,65236.45505608402,12179.90788075388,53056.54717533014,12.182338953018188,openmm_minimized
mchartreuse,5.0,6.0,63099.7746717883,11456.87484137768,51642.89983041062,11.658361911773682,openmm_minimized
mcherry-xl,2.0,7.0,946451.1571697474,10978.595297218862,935472.5618725284,14.474463701248167,openmm_minimized
mcherry15,3.0,5.0,283449.8360858075,11562.531258111054,271887.3048276964,13.934417486190796,openmm_minimized
mcherry2,5.0,8.0,78661.7586705564,11502.908776798213,67158.84989375819,12.879109382629396,openmm_minimized
mcherry_i202t,2.0,2.0,73309.69118229077,11460.223917267153,61849.46726502362,14.148603200912476,openmm_minimized
mcherry_i202y,2.0,4.0,295340.75144532294,11825.522367289925,283515.229078033,13.794472217559814,openmm_minimized
mcherry_m10l,2.0,2.0,65744.80354515139,11717.433237071104,54027.37030808028,10.55871319770813,openmm_minimized
mcitrine,6.0,10.0,48586.4509952467,12275.182282560196,36311.268712686506,13.919666051864624,openmm_minimized
mclavgr1,5.0,8.0,62732.47474123578,15282.429116011595,47450.045625224186,13.304773330688477,openmm_minimized
mclavgr11,6.0,8.0,190997.1633944345,12507.41377795636,178489.74961647813,10.686711549758911,openmm_minimized
mclavgr18,5.0,8.0,210063.4133178063,13112.555643841588,196950.8576739647,13.604952096939089,openmm_minimized
mclavgr2,6.0,8.0,90280.31131329684,13844.228015275456,76436.08329802139,13.616928100585938,openmm_minimized
mclover15,8.0,5.0,50687.08924087807,11847.4025958219,38839.68664505617,10.808639526367188,openmm_minimized
mclover3,8.0,10.0,53212.529290198305,11696.261013750049,41516.26827644826,9.878335952758787,openmm_minimized
mcrfp,3.0,7.0,116711.17994299516,9554.55500194592,107156.62494104925,12.07476806640625,openmm_minimized
mcyrfp1,9.0,8.0,44330181684.90338,10650.714050515864,44330171034.18933,10.860201358795166,openmm_minimized
mecfp,10.0,10.0,65094.847351193086,12740.70587156101,52354.141479632075,13.54673719406128,openmm_minimized
medium-ft,2.0,3.0,1437721.980947971,12682.224659295807,1425039.7562886754,12.354446411132812,openmm_minimized
meffcfp,4.0,8.0,110349.99450480356,17909.982985690734,92440.01151911284,12.514647960662842,openmm_minimized
meffcp,3.0,7.0,62487.422607200715,11655.691553124976,50831.73105407574,11.240570068359377,openmm_minimized
meffgfp,8.0,12.0,123802.16310612138,10621.272413411438,113180.89069270996,11.171062231063845,openmm_minimized
meffrfp,12.0,13.0,51824.312335456976,11431.038881878843,40393.273453578135,11.138998746871948,openmm_minimized
megfp,10.0,7.0,61092.776547057816,11246.064986895912,49846.7115601619,11.927998781204224,openmm_minimized
melecfp,4.0,9.0,2023710.0602298991,8204.000575337457,2015506.0596545616,11.47121000289917,openmm_minimized
melerfp,5.0,9.0,74330.13485432776,7832.155376107955,66497.9794782198,10.973475933074951,openmm_minimized
memerald,5.0,6.0,59974.63764156296,12621.95071956377,47352.68692199919,11.557955980300903,openmm_minimized
meos2-na,5.0,8.0,52250.69937634124,9348.252287276166,42902.44708906507,11.284027099609377,openmm_minimized
meos31,4.0,8.0,55769.014723259505,9101.1768294157,46667.8378938438,12.485044240951538,openmm_minimized
meos32,4.0,8.0,52701.36180655668,9763.769178476572,42937.59262808011,12.191030263900757,openmm_minimized
meos4a,4.0,7.0,81330.16708213491,8336.342635606281,72993.82444652863,12.460749626159668,openmm_minimized
meos4fast1,5.0,6.0,69037.53912427496,7899.559419023935,61137.979705251026,11.152864694595335,openmm_minimized
meos4fast2,6.0,7.0,70511.01272472517,8581.476582956253,61929.53614176891,11.51259422302246,openmm_minimized
meosem,5.0,6.0,689645.1087078464,8596.473867436462,681048.63484041,10.056484937667848,openmm_minimized
meosfp-f173s,5.0,6.0,66251.25778501801,9507.366165621988,56743.891619396025,10.916284561157228,openmm_minimized
meosfp-m159a,4.0,5.0,958091865432.1384,9648.63932876385,958091855783.4991,11.877334117889404,openmm_minimized
merufp,5.0,8.0,64288.54904134094,8606.194025115103,55682.35501622584,11.87477159500122,openmm_minimized
meyfp,3.0,4.0,46218.61682072729,12355.193018561837,33863.42380216546,12.58177614212036,openmm_minimized
mfag1,4.0,7.0,103916.6657658672,11917.417991000828,91999.24777486637,12.22328281402588,openmm_minimized
mgarnet,6.0,8.0,63180.045247288006,8578.365752297235,54601.67949499077,13.153266668319702,openmm_minimized
mgarnet2,4.0,9.0,12835560.14848706,8827.010322774147,12826733.138164286,11.501858949661257,openmm_minimized
mgeos-c,4.0,6.0,70946.85632082933,9473.663914049592,61473.192406779744,11.01973009109497,openmm_minimized
mgeos-e,5.0,7.0,80049.30901462579,9170.906711589902,70878.4023030359,11.955743551254272,openmm_minimized
mgeos-f,11.0,13.0,70348.22134019251,9630.348173481352,60717.87316671116,11.446749210357666,openmm_minimized
mgeos-l,8.0,10.0,54523.43579236537,9592.410512323046,44931.025280042326,11.756518363952637,openmm_minimized
mgeos-m,8.0,13.0,95348.82713341725,9713.60976057405,85635.21737284318,11.99190640449524,openmm_minimized
mgeos-s,5.0,7.0,71200.3673169686,9505.613862875787,61694.7534540928,11.658390522003174,openmm_minimized
mgfp5,6.0,7.0,-102414279.51523748,12324.141715010695,-102426603.65695249,12.28113603591919,openmm_minimized
mgfpmut3,6.0,6.0,51088.96488418615,12094.9137045545,38994.05117963165,11.06513285636902,openmm_minimized
mginger1,9.0,14.0,2573709924.4382796,12374.017427451963,2573697550.420852,12.684773206710815,openmm_minimized
mginger2,7.0,13.0,72117698773.1615,9990.675578377924,72117688782.48592,13.01058840751648,openmm_minimized
mgold,6.0,5.0,50905.2555373511,12587.5596314169,38317.6959059342,10.409916162490845,openmm_minimized
mgold2s,10.0,10.0,57079.64596362469,9784.663745428932,47294.98221819576,10.58928370475769,openmm_minimized
mgold2t,9.0,9.0,51115.476729361755,9645.148947859772,41470.32778150198,11.155352115631104,openmm_minimized
mgrape1,2.0,2.0,56442.312941570606,10951.109055152512,45491.203886418094,12.000064849853516,openmm_minimized
mgrape2,2.0,6.0,631719.2826215073,13252.075795901876,618467.2068256055,12.696372032165527,openmm_minimized
mgrape3,2.0,2.0,1164742.9014295037,13221.023439497563,1151521.8779900062,13.160115480422974,openmm_minimized
mgreenlantern,12.0,12.0,-35717586.93661993,11488.745524497124,-35729075.682144426,12.1284282207489,openmm_minimized
mhoneydew,3.0,8.0,-13675729.551699642,11491.305952558449,-13687220.8576522,14.428141117095947,openmm_minimized
micy,5.0,7.0,33406759290388.117,12233.97104213999,33406759278154.145,12.78315806388855,openmm_minimized
mirisfp,4.0,6.0,72218.76920548573,9635.447935441493,62583.32127004424,10.652208089828491,openmm_minimized
mjuniper,5.0,3.0,64125.07109963505,11168.294181168334,52956.77691846672,10.724677562713625,openmm_minimized
mk-go,5.0,8.0,98020.74873249084,12183.416322829116,85837.33240966171,11.76215934753418,openmm_minimized
mkalama1,8.0,7.0,54519.295480200846,9012.58037254192,45506.71510765892,12.98337697982788,openmm_minimized
mkate-m41g-s158c,8.0,14.0,93576.188012544,9222.221472077032,84353.96654046698,12.500311613082886,openmm_minimized
mkate-s158a,7.0,12.0,178056.15556629462,9733.305662636312,168322.8499036583,12.201307535171509,openmm_minimized
mkate-s158c,9.0,13.0,162968.29767000195,9508.27832882615,153460.0193411758,11.797062397003174,openmm_minimized
mkate2,7.0,13.0,79883.47710342245,8713.512999459077,71169.96410396337,11.18427038192749,openmm_minimized
mkate25,11.0,11.0,971404.992141466,9898.591933176154,961506.4002082896,10.444998502731323,openmm_minimized
mkelly1,12.0,17.0,14019.114561413184,7015.316619849308,7003.797941563876,11.786547899246216,openmm_minimized
mkelly2,10.0,14.0,72849031.33210358,8027.38836554745,72841003.94373803,13.38211178779602,openmm_minimized
mkg,5.0,8.0,80515.71356683645,11597.06833988735,68918.6452269491,11.069713354110718,openmm_minimized
mkikgr,3.0,6.0,89574.22343929461,8863.058070921856,80711.16536837275,13.404752492904665,openmm_minimized
mko2,10.0,14.0,-297800.9224445887,11673.150739712552,-309474.07318430126,12.738693475723268,openmm_minimized
mkokappa,5.0,9.0,66484.23910913676,11676.291422163024,54807.94768697374,11.61250615119934,openmm_minimized
mlemon,2.0,4.0,-1273524.660297011,11884.496406208911,-1285409.15670322,11.069837093353271,openmm_minimized
mlumin,10.0,15.0,3018306.076790664,10028.389882107402,3008277.6869085566,9.776589632034302,openmm_minimized
mlychee,2.0,2.0,122070.94788667464,12074.695319969116,109996.25256670552,11.203832864761353,openmm_minimized
mmaple,5.0,9.0,78302.03783018081,11992.225908902596,66309.81192127822,12.069928407669067,openmm_minimized
mmaple2,5.0,9.0,83913.36462556015,11947.308540841665,71966.05608471848,12.365647077560425,openmm_minimized
mmaple3,6.0,8.0,68384.71835556536,11169.082634827097,57215.63572073827,13.98642873764038,openmm_minimized
mmaroon1,10.0,9.0,1124506.3673505422,9524.226591595943,1114982.1407589463,13.436774730682371,openmm_minimized
mmgfp,11.0,17.0,109025.14832710128,11536.21328425584,97488.93504284543,10.975361585617064,openmm_minimized
mmgfp6,4.0,7.0,57850.63962853397,11658.654672961637,46191.984955572334,10.374232292175291,openmm_minimized
mmicy,7.0,10.0,22359983826.681618,13008.621273665403,22359970818.060345,10.166504621505736,openmm_minimized
mmilcfp,4.0,5.0,115662.09972987366,16371.7940748505,99290.30565502316,12.331039428710938,openmm_minimized
mnectarine,1.0,6.0,98253.86526872587,10722.815497323554,87531.04977140232,13.192525148391724,openmm_minimized
mneptune,7.0,12.0,2325684.5884506195,11834.269876731529,2313850.318573888,14.38835835456848,openmm_minimized
mneptune2,8.0,9.0,1793064.297168827,10375.362065680738,1782688.935103146,14.588428258895874,openmm_minimized
mneptune25,6.0,10.0,114781241.53494538,10436.509279743692,114770805.02566564,13.19170880317688,openmm_minimized
mneptune681,11.0,12.0,66191.2855399698,11077.44013022086,55113.845409748945,14.527619123458862,openmm_minimized
mneptune684,10.0,18.0,80805.74504941082,11014.00474822749,69791.74030118334,13.54017448425293,openmm_minimized
mofpt12,2.0,6.0,175613.59850124485,11911.283374557896,163702.31512668694,12.53865098953247,openmm_minimized
mofpt8,3.0,6.0,74364.8589719857,11852.364082658363,62512.49488932733,10.74762201309204,openmm_minimized
montfp,5.0,5.0,140130.24248415127,7614.940636697076,132515.3018474542,10.087601900100708,openmm_minimized
montipora-sp-20,7.0,12.0,98098.37353724512,13191.219613701249,84907.15392354388,11.102545261383057,openmm_minimized
montipora-sp-20-9115,6.0,7.0,48549384.050645,12259.027433997187,48537125.023211,10.088695764541626,openmm_minimized
morange2,2.0,9.0,89525.76171160796,11920.046746496397,77605.71496511156,12.498658657073976,openmm_minimized
moxbfp,5.0,8.0,62736.6354867626,9754.55416691772,52982.08131984488,11.787320137023926,openmm_minimized
moxcerulean3,3.0,2.0,73061.36731169642,11828.712747213,61232.65456448342,12.06109094619751,openmm_minimized
moxdendra2,3.0,7.0,63502.65068237501,10229.63106314142,53273.019619233586,13.123549222946169,openmm_minimized
moxeos32,5.0,8.0,73654.51340245518,9390.36009516884,64264.15330728634,9.527439832687378,openmm_minimized
moxgfp,6.0,6.0,60017.533902571704,9664.354738523229,50353.17916404847,10.512404203414915,openmm_minimized
moxmaple3,5.0,7.0,59215.92169643211,11841.860646988936,47374.061049443175,12.366914510726929,openmm_minimized
moxneongreen,8.0,9.0,2603560974.0582285,14031.266599668108,2603546942.791629,12.839620113372805,openmm_minimized
moxvenus,7.0,11.0,49363.34092577609,10972.678158131852,38390.66276764424,11.416857719421388,openmm_minimized
mpa-gfp,5.0,5.0,47254.7817781212,11694.834819834048,35559.94695828715,12.098475933074951,openmm_minimized
mpapaya,20.0,25.0,1521828497.156311,16750.566491175232,1521811746.58982,13.673529863357544,openmm_minimized
mpapaya03,27.0,23.0,227035.3342488648,16716.12271203108,210319.21153683373,13.723983764648438,openmm_minimized
mpapaya06,24.0,19.0,240475.29920609228,16125.41364968994,224349.88555640235,11.889824628829956,openmm_minimized
mpapaya07,17.0,21.0,220272.90498869223,16314.60729926656,203958.29768942567,11.793001890182495,openmm_minimized
mraspberry,0.0,5.0,91596.33961357152,11441.674153402728,80154.66546016879,11.129672765731812,openmm_minimized
mred7,2.0,5.0,305685.4137825619,13368.806035458269,292316.6077471036,11.828730821609495,openmm_minimized
mred7q1,2.0,2.0,711775.0292623315,12093.352812945535,699681.676449386,12.886145114898682,openmm_minimized
mred7q1s1,1.0,8.0,87463.38210724248,12065.98522774628,75397.3968794962,11.118076086044312,openmm_minimized
mred7q1s1bm,3.0,7.0,82164.12171527864,9574.630376974494,72589.49133830414,11.814114809036257,openmm_minimized
mrfp1,3.0,5.0,114304.98016567613,10662.214649284866,103642.76551639126,10.375215291976929,openmm_minimized
mrfp1-q66c,2.0,9.0,75583.59662929691,10984.634659983563,64598.96196931334,10.435104846954346,openmm_minimized
mrfp1-q66s,2.0,3.0,180773.87208959417,10624.666583485878,170149.20550610826,10.352936267852783,openmm_minimized
mrfp1-q66t,3.0,7.0,74843.83646049208,10935.267350071865,63908.56911042021,11.44501781463623,openmm_minimized
mrfp11,3.0,7.0,3155017.453389854,10795.48199581501,3144221.971394039,10.114800214767456,openmm_minimized
mrfp12,2.0,3.0,1850015.727135236,11540.240126764082,1838475.4870084715,9.886337995529177,openmm_minimized
mrfp13,2.0,3.0,2275562.7831770475,12016.684113577356,2263546.09906347,12.381822347640991,openmm_minimized
mrfp14,2.0,2.0,78859.7093529572,12080.473512305764,66779.23584065144,11.826815366744995,openmm_minimized
mrfp15,2.0,4.0,637029.1808817338,12192.822408249438,624836.3584734843,13.35012173652649,openmm_minimized
mrfp1_magenta,2.0,3.0,78387.8073589961,10858.308427922986,67529.49893107312,11.72326159477234,openmm_minimized
mrfp1_pink,1.0,6.0,82568.03257663237,10692.882714684172,71875.14986194819,12.668465852737429,openmm_minimized
mrfp1_violet,4.0,6.0,84089.99866551463,11023.836652553557,73066.16201296108,10.742750883102415,openmm_minimized
mrfp1_yellow,3.0,3.0,1380804.792789165,11225.489473930123,1369579.3033152348,10.359585523605348,openmm_minimized
mrojob,4.0,5.0,76945.05130526565,12530.172400964866,64414.87890430078,12.829886436462402,openmm_minimized
mrtms5,5.0,7.0,48361.84735304587,10422.057669063335,37939.78968398253,10.207338333129885,openmm_minimized
mruby2,4.0,8.0,175581.60944550575,9533.36133460029,166048.24811090546,11.996474504470823,openmm_minimized
mruby3,6.0,7.0,352243.33528664557,7509.93630594028,344733.3989807053,11.987634181976318,openmm_minimized
mrubyft,3.0,4.0,46706.09838370355,10201.79186107797,36504.306522625586,13.067638397216797,openmm_minimized
msandy2,3.0,6.0,70067.39790007225,12704.329112679674,57363.06878739257,11.334203243255615,openmm_minimized
mscarlet-220a,4.0,6.0,177204.08434074867,9627.370493738355,167576.7138470103,13.539035558700562,openmm_minimized
mscarlet-2a,5.0,8.0,912650.0546796238,9301.142751904545,903348.9119277193,11.688438653945925,openmm_minimized
mscarlet-2a-84w,4.0,5.0,-4964768.070016813,9163.467753847804,-4973931.5377706615,14.584027290344238,openmm_minimized
mscarlet-i,2.0,3.0,224487.25538558903,9631.642392505832,214855.6129930832,13.48279356956482,openmm_minimized
mscarlet-i-220a,3.0,6.0,86184.1372874369,9090.854553465651,77093.28273397125,12.86362075805664,openmm_minimized
mscarlet-i3,2.0,3.0,87860275.50173981,8005.984248022236,87852269.51749179,12.277056455612184,openmm_minimized
mscarlet-i3-ncwt,1.0,4.0,468028.8380799315,8551.668885964515,459477.1691939671,11.872864961624146,openmm_minimized
mscarlet2-i,2.0,2.0,576363.2513016909,8702.87352293586,567660.377778755,11.64278769493103,openmm_minimized
mscarlet3-s2,1.0,8.0,702485.1093943407,7249.051599173149,695236.0577951676,10.43993854522705,openmm_minimized
msgfp2,4.0,9.0,62833.91666568149,9588.11362153319,53245.8030441483,11.1616313457489,openmm_minimized
mstable,5.0,12.0,179752.59655995207,8009.17578171145,171743.42077824063,12.088687658309937,openmm_minimized
mstaygold,8.0,10.0,1317802.4099702404,16228.521363889584,1301573.8886063509,12.595173835754396,openmm_minimized
mstaygold2,9.0,11.0,9480201203.169764,15213.934495786174,9480185989.235268,12.919739246368408,openmm_minimized
mt-sapphire,4.0,4.0,55589.03527262698,11917.70081276847,43671.33445985851,12.454996824264526,openmm_minimized
mtagbfp2,13.0,16.0,668379.335236994,11079.70569827986,657299.6295387141,13.174959421157835,openmm_minimized
mtangerine,2.0,8.0,185027.63182351025,11397.316840976,173630.31498253424,10.50134778022766,openmm_minimized
mtfp03,10.0,13.0,45290413.184096165,15369.414427740872,45275043.76966842,14.822599411010742,openmm_minimized
mtfp04,6.0,6.0,58630.317161061736,13787.499995377171,44842.817165684566,14.119582891464232,openmm_minimized
mtfp05,3.0,5.0,867669967.9137017,12290.833197683964,867657677.080504,14.179898500442505,openmm_minimized
mtfp06,6.0,8.0,21634702.650997117,12077.572037737264,21622625.07895938,13.897441387176514,openmm_minimized
mtfp08,10.0,15.0,472259277978.68695,16035.775093671136,472259261942.91187,12.620574951171877,openmm_minimized
mtfp09,4.0,6.0,79580.967533851,12770.336108350684,66810.63142550031,12.29682469367981,openmm_minimized
mtfp1-y67h,3.0,6.0,188979.7834141896,12487.242755448902,176492.54065874068,12.211766242980955,openmm_minimized
mtfp1-y67w,4.0,7.0,189218.127928038,12935.443630628914,176282.68429740908,11.447064638137816,openmm_minimized
mturquoise-146g,5.0,5.0,63402.90871375725,11918.762106570111,51484.14660718714,10.572083950042725,openmm_minimized
mturquoise-146s,9.0,10.0,166508.1273525388,12457.439275999292,154050.68807653952,10.674737691879272,openmm_minimized
mturquoise-dr,6.0,5.0,66515.87091030895,11830.769506377044,54685.101403931905,12.565494537353516,openmm_minimized
mturquoise-gl,13.0,11.0,54667.05213619033,11826.44056341821,42840.61157277212,10.869981527328491,openmm_minimized
mturquoise-gv,10.0,9.0,58080.77687865718,12185.51582302099,45895.26105563619,11.804317474365234,openmm_minimized
mturquoise-ra,9.0,7.0,58831.17524585556,10997.960342259988,47833.214903595566,12.49451756477356,openmm_minimized
mturquoise2-1710,16.0,18.0,3208769027.053596,11955.048783242844,3208757072.0048127,13.655367612838743,openmm_minimized
mturquoise2-g,10.0,10.0,62011.93888487725,11955.516505974723,50056.42237890253,12.699236869812012,openmm_minimized
mturquoise2_t203y,7.0,8.0,56899.14043306315,12422.257331317864,44476.88310174529,11.576396465301514,openmm_minimized
mukg,6.0,8.0,53823.260452401766,10446.170233396462,43377.0902190053,13.12115216255188,openmm_minimized
mvenus,4.0,3.0,50178.63367494525,11774.696377022632,38403.93729792262,14.573977947235107,openmm_minimized
mvenus-q69m,5.0,4.0,51166.399425829804,12344.907850128326,38821.49157570148,11.204540729522703,openmm_minimized
mvermilion,2.0,4.0,63167.93195842326,12018.475551109115,51149.45640731414,11.280234098434448,openmm_minimized
mvfp,7.0,11.0,28086945.958827004,9324.434764734053,28077621.52406227,12.099445819854736,openmm_minimized
mvfp1,6.0,10.0,74742.41847776946,10524.226506494706,64218.191971274755,12.11915636062622,openmm_minimized
mwasabi,5.0,9.0,284665.9205166223,12988.06048345304,271677.8600331693,12.55394196510315,openmm_minimized
mwatermelon,2.0,3.0,825706.9366964557,8803.51805488499,816903.4186415707,12.838037252426147,openmm_minimized
n1oxstaygold,9.0,9.0,21687200.841276743,15321.926935356649,21671878.91434139,13.365670204162598,openmm_minimized
nijifp,3.0,6.0,61003.35829163634,10403.688767371896,50599.66952426444,12.157896280288696,openmm_minimized
npr3784g,17.0,19.0,59614.55475976812,780.4769127511397,58834.07784701698,9.94268035888672,openmm_minimized
nu,11.0,10.0,54427.67847486296,12073.782578712258,42353.8958961507,11.360480070114136,openmm_minimized
o-velour,9.0,14.0,536476746.4988878,13576.324323168432,536463170.1745646,14.325947761535645,openmm_minimized
obecfp,10.0,15.0,25223513.317457773,10106.219249903386,25213407.09820787,13.99342656135559,openmm_minimized
obegfp,12.0,10.0,4696380.773248494,12816.011533245755,4683564.761715248,12.809709548950195,openmm_minimized
obeyfp,10.0,10.0,41829595166153.58,11875.366928407497,41829595154278.21,14.000721216201782,openmm_minimized
ofcp,10.0,17.0,234564.10750497677,13429.96607379861,221134.14143117817,11.579034328460692,openmm_minimized
ofp,10.0,14.0,640594861.5767378,12641.662890924532,640582219.9138469,12.08588695526123,openmm_minimized
ofpxm,6.0,7.0,69907.1757534914,11511.234750711832,58395.941002779575,11.422813653945925,openmm_minimized
oxbfp,4.0,10.0,61142.873893973585,9887.64349212103,51255.230401852554,12.35257124900818,openmm_minimized
oxgfp,6.0,6.0,96178.14062519815,9286.089552070853,86892.05107312731,10.751847982406616,openmm_minimized
oxstaygold,13.0,14.0,169668.05884897185,15175.591042849335,154492.46780612253,13.46269416809082,openmm_minimized
oxvenus,5.0,11.0,49200.460264944995,10320.18353639262,38880.27672855237,12.583128213882446,openmm_minimized
p11,6.0,7.0,49913.65007717577,10685.701490409712,39227.948586766055,13.71379041671753,openmm_minimized
p4,6.0,8.0,-50715.555537833054,11921.961118983214,-62637.51665681627,12.012264490127563,openmm_minimized
p4-1,6.0,6.0,51230.809940810104,12068.01019551385,39162.79974529625,12.16269588470459,openmm_minimized
p4-3e,5.0,5.0,6380843.540687,10561.164529485826,6370282.376157515,13.90402054786682,openmm_minimized
p9,6.0,6.0,53916.533839354066,11516.46870609543,42400.065133258635,12.98018217086792,openmm_minimized
pa-gfp,6.0,6.0,48256.64334019274,11937.407009094706,36319.23633109803,12.19683599472046,openmm_minimized
padron,6.0,10.0,116099.40341981198,10799.019561766543,105300.38385804545,12.646812677383425,openmm_minimized
padron2,4.0,6.0,82193.62198659171,14098.510035080872,68095.11195151083,13.48773741722107,openmm_minimized
padronstar,4.0,7.0,79036.37978799178,10258.074373791873,68778.30541419992,13.946074485778809,openmm_minimized
pamcherry1,3.0,5.0,94663.79673142591,11303.671381849575,83360.12534957635,13.999783039093018,openmm_minimized
pamcherry2,6.0,6.0,80454.23229370167,11246.238042279234,69207.99425142244,14.03758192062378,openmm_minimized
pamcherry3,4.0,6.0,18099826.93819582,10727.960538793328,18089098.977657028,14.090434074401855,openmm_minimized
pamkate,13.0,16.0,125267.95904612106,9383.43929806372,115884.51974805734,12.927977085113524,openmm_minimized
patagrfp,6.0,11.0,1488008.0745417185,11890.334910533787,1476117.7396311846,13.25711727142334,openmm_minimized
patagrfp1297,5.0,9.0,919705.8112696508,12312.563541309535,907393.2477283414,13.174708127975464,openmm_minimized
patagrfp1314,7.0,11.0,71968.79058773922,11336.505096035084,60632.28549170413,12.754202127456663,openmm_minimized
pcdronpa2,4.0,6.0,95229.80171726366,11276.075717670608,83953.72599959305,12.096018552780151,openmm_minimized
pcstar,5.0,4.0,97887.79777050286,9943.891797196968,87943.9059733059,11.750062227249146,openmm_minimized
pdac1,4.0,7.0,73780.7661225028,12534.115464193676,61246.650658309125,12.083365678787231,openmm_minimized
pdae1gfp,11.0,16.0,1274265018529.211,12534.091291291455,1274265005995.1196,13.474193334579468,openmm_minimized
ph-tdgfp,11.0,17.0,3.5360395930020845e+17,48606.50243347594,3.536039593001599e+17,24.323899507522583,openmm_minimized
phanta,5.0,8.0,76510.61482312848,10443.623804681842,66066.99101844663,10.21903657913208,openmm_minimized
phiyfpv,6.0,11.0,234718.25609812772,14129.154251045671,220589.10184708209,11.575361967086792,openmm_minimized
phluorin-ecliptic,10.0,9.0,48028.412314098256,11409.49908776776,36618.91322633049,13.204373598098757,openmm_minimized
phluorin-ratiometric,12.0,12.0,52899.24368865912,12393.257335433666,40505.98635322546,13.292561531066896,openmm_minimized
phluorin2,7.0,10.0,57430.3486796273,13145.251691925594,44285.096987701705,13.084322214126589,openmm_minimized
phluorin4,5.0,6.0,-5608440.841072307,10641.639717510345,-5619082.480789817,11.183064222335815,openmm_minimized
phmscarlet,4.0,6.0,613682.9569311026,8835.219577885351,604847.7373532172,12.785208702087402,openmm_minimized
phuji,2.0,3.0,68492.07155766521,12483.628173795418,56008.443383869795,11.00932502746582,openmm_minimized
plamgfp,6.0,6.0,63124.50495350913,10997.236057606173,52127.26889590296,12.756084680557253,openmm_minimized
plobrfp,26.0,25.0,432337.2817999087,13792.461835396563,418544.81996451213,13.685921669006348,openmm_minimized
pmeagfp1,9.0,11.0,221723311.276381,11595.38296745572,221711715.8934135,13.20762300491333,openmm_minimized
pmeagfp2,9.0,10.0,129590.57867022011,11627.270331060394,117963.30833915972,12.11221480369568,openmm_minimized
pmimgfp1,8.0,11.0,216055.846591415,10020.84860776087,206034.99798365412,11.276602506637571,openmm_minimized
pmimgfp2,8.0,10.0,300444.9657142332,9680.97553165193,290763.9901825813,12.341415643692017,openmm_minimized
pplugfp1,14.0,19.0,2001856.5939416264,10847.333976307162,1991009.2599653192,11.881371974945068,openmm_minimized
pporgfp,3.0,7.0,91303.66401177646,10779.596345143327,80524.06766663313,11.302698135375977,openmm_minimized
pporrfp,19.0,20.0,65844.7220139273,12802.275228409038,53042.44678551826,11.14117956161499,openmm_minimized
pross-egfp,11.0,9.0,2950718.1844693595,12266.243999666523,2938451.940469693,13.290749073028564,openmm_minimized
ps-cfp,4.0,9.0,87371.589848957,11250.454520550587,76121.13532840641,14.26069974899292,openmm_minimized
ps-cfp2,7.0,8.0,100209.26603562968,12308.902457579808,87900.36357804987,12.985021114349363,openmm_minimized
psamcfp,5.0,4.0,156275.80920353462,14044.959265432666,142230.84993810195,12.67288327217102,openmm_minimized
psupfp,4.0,6.0,53113.59526428255,12082.467278080388,41031.12798620216,11.194041728973389,openmm_minimized
ptilgfp,14.0,19.0,2757209.4328167085,12830.625991081186,2744378.806825627,13.043808698654177,openmm_minimized
q80r,6.0,6.0,524114627.32778233,10936.747775978136,524103690.5800064,10.714717864990234,openmm_minimized
qc2-6,10.0,12.0,341053.7376047254,14923.950009790426,326129.787594935,12.124211072921751,openmm_minimized
rdsmcherry01,6.0,6.0,103001.59960478234,11975.734396972515,91025.86520780982,10.954039335250854,openmm_minimized
rdsmcherry02,3.0,6.0,217053.7870211964,12581.684562576183,204472.10245862024,12.578917980194092,openmm_minimized
rdsmcherry05,1.0,4.0,105412.74965609786,12557.444049186051,92855.3056069118,13.435017347335815,openmm_minimized
rdsmcherry1,10.0,12.0,372260940.8074088,14716.975023945002,372246223.8323849,13.337838411331177,openmm_minimized
reach1,6.0,5.0,48687.22156679259,12154.175347901417,36533.04621889118,11.578278303146362,openmm_minimized
reach2,6.0,6.0,47608.600544724184,11886.999558957734,35721.60098576645,12.79282569885254,openmm_minimized
rflogfp,12.0,15.0,416112.063268284,14277.29651839292,401834.76674989105,12.558019876480104,openmm_minimized
rflogfp2,7.0,8.0,437901.01140689064,13956.737983782135,423944.2734231085,12.02081823348999,openmm_minimized
rflorfp,6.0,6.0,64929.200800111015,15130.159598941009,49799.04120117001,11.38108491897583,openmm_minimized
rfp611,7.0,11.0,812428900.3831102,12067.401149286505,812416832.9819609,12.650630474090576,openmm_minimized
rfp618,12.0,16.0,10127359.79434527,11117.967276665724,10116241.827068605,12.452069520950316,openmm_minimized
rfp637,11.0,10.0,40900579.87507144,11480.12547151092,40889099.74959993,11.071812629699709,openmm_minimized
rfp639,12.0,14.0,64996.992400486844,11008.97492635092,53988.01747413592,11.966660737991331,openmm_minimized
rosmarinus,5.0,8.0,218476.4693285178,9206.709058758504,209269.76026975928,12.769680261611938,openmm_minimized
rrengfp,11.0,14.0,62616400.50616653,15874.355336254031,62600526.15083028,13.89057445526123,openmm_minimized
rrvt,15.0,14.0,2734271383.1247053,31075.416713031147,2734240307.707992,25.740132570266724,openmm_minimized
rscherry,3.0,5.0,69551.98605747047,12320.572362514804,57231.41369495566,10.898704051971436,openmm_minimized
rscherryrev,3.0,8.0,84076.21282808662,12340.822777350932,71735.39005073569,13.72505784034729,openmm_minimized
rscherryrev14,3.0,5.0,83339.51739632215,15268.563164993757,68070.95423132839,10.506255388259888,openmm_minimized
rsegfp,7.0,6.0,71120.61142997516,11805.935220725729,59314.67620924943,12.224284648895264,openmm_minimized
rsfastlime,4.0,8.0,92058.78726443388,10823.069525412837,81235.71773902104,13.279040336608888,openmm_minimized
rsfolder2,5.0,6.0,454772.8158109811,9624.385555296092,445148.430255685,12.790881633758543,openmm_minimized
rsfusionred1,8.0,12.0,195377.98105422713,10426.621979411448,184951.35907481567,10.779380083084106,openmm_minimized
rsfusionred2,7.0,10.0,134715.27809348868,11396.651092968004,123318.62700052068,10.624604940414429,openmm_minimized
rsfusionred3,8.0,11.0,463729.3412871035,11922.577357151906,451806.7639299516,11.588414430618286,openmm_minimized
rsgfp1,4.0,8.0,62594.41031283638,12326.99533127122,50267.41498156516,12.17474889755249,openmm_minimized
rsgfp2,4.0,9.0,57089.21396696759,12217.154064700158,44872.05990226743,11.981690406799316,openmm_minimized
rsgfp3,4.0,9.0,-628374.8632984041,12234.089787225112,-640608.9530856293,11.750937938690186,openmm_minimized
rsgfp4,5.0,5.0,55798.05317828503,12323.493649156557,43474.55952912848,11.428993701934814,openmm_minimized
rsgfp6,5.0,6.0,51268.03830605274,12229.644423214217,39038.39388283852,11.47985553741455,openmm_minimized
rsgfp7,4.0,7.0,64685.47683580205,12173.026679961537,52512.45015584052,11.509745359420776,openmm_minimized
rsgreen1,6.0,9.0,63161.5531930649,9776.025867149328,53385.52732591557,12.286475896835327,openmm_minimized
rskame,4.0,7.0,85190.79672274143,10911.399944265804,74279.39677847562,9.977401494979858,openmm_minimized
saasoti,6.0,10.0,68732.25457378755,12162.284156375996,56569.970417411554,12.295299291610718,openmm_minimized
sapphire,6.0,6.0,52124.07421826263,11519.54851536524,40604.52570289739,12.33217167854309,openmm_minimized
sarcgfp,6.0,6.0,56541.29379723238,10198.848372190994,46342.445425041384,10.850067377090454,openmm_minimized
sbfp1,5.0,3.0,57889.63759648833,11566.97380964741,46322.66378684091,10.819204330444336,openmm_minimized
sbfp2,9.0,8.0,57059.50177128769,11730.475502100762,45329.02626918693,11.650824069976808,openmm_minimized
scfp1,5.0,5.0,62579.55233938481,12457.361376148328,50122.19096323648,10.679141283035278,openmm_minimized
scfp2,7.0,6.0,64839.15861376695,11991.415445051589,52847.74316871536,10.82654333114624,openmm_minimized
scfp3b,10.0,10.0,66552.9482031204,11992.96081288143,54559.987390238966,12.882673740386965,openmm_minimized
sclefp1,14.0,17.0,37253.90464280904,7371.186113169339,29882.7185296397,9.802002906799316,openmm_minimized
sclefp2,4.0,5.0,41738.08324210888,7595.161146582669,34142.922095526206,9.855083703994753,openmm_minimized
scorange,5.0,8.0,1265432.374895415,13135.710863245273,1252296.66403217,13.00475263595581,openmm_minimized
scubgfp1,5.0,6.0,132078.51510490334,12353.928944064688,119724.58616083866,13.34888744354248,openmm_minimized
scubgfp2,8.0,10.0,62231.20028538276,12292.492104819128,49938.708180563626,10.53778839111328,openmm_minimized
scubrfp,4.0,7.0,60556.29904693331,12507.626458757755,48048.672588175556,12.438780069351196,openmm_minimized
secbfp2,12.0,14.0,216715.1863219869,10577.539259927771,206137.6470620591,11.146669626235962,openmm_minimized
seyfp,5.0,4.0,52364.57261023679,12085.678188453556,40278.89442178323,11.011101245880129,openmm_minimized
sfcherry2,2.0,3.0,90659.8002757955,12113.562704982329,78546.23757081317,13.063530206680298,openmm_minimized
sfcherry3c,4.0,9.0,65921.79298938089,10448.564622594238,55473.22836678665,13.856041193008425,openmm_minimized
sforange,3.0,8.0,64185.695463544376,11123.883728956644,53061.81173458773,11.05923080444336,openmm_minimized
sgbp,6.0,9.0,7.377491269570747e+16,12296.780415664927,7.377491269569517e+16,12.70435667037964,openmm_minimized
sgbp-q62m,12.0,10.0,731371.6919891046,10464.444576144051,720907.2474129605,11.287052631378174,openmm_minimized
sgbp-s157c,8.0,7.0,311113.8020849792,9539.845838540145,301573.9562464391,11.039820671081545,openmm_minimized
sgbp-s157t,8.0,7.0,147506.49897175113,9993.026851754026,137513.4721199971,11.802022457122805,openmm_minimized
sgfp1,5.0,4.0,58615.08735240083,11494.449181738895,47120.63817066193,11.99513840675354,openmm_minimized
sgfp2,10.0,10.0,62919.5328531724,12519.483266536256,50400.049586636145,11.061679363250732,openmm_minimized
sgfp2206a,8.0,7.0,60727.79980794851,11550.773397410218,49177.026410538296,11.38720703125,openmm_minimized
sgfp2e222q,7.0,6.0,66777.97782768837,11625.138313515068,55152.839514173305,10.80375599861145,openmm_minimized
sgfp2t65g,10.0,10.0,53490.666966101395,12233.118085716727,41257.54888038467,11.137491464614868,openmm_minimized
shadowg,8.0,9.0,49261.250724179925,12758.852289800496,36502.39843437943,12.745482444763184,openmm_minimized
shadowr,3.0,6.0,91990.1705942431,9714.99003344202,82275.18056080108,10.651350259780884,openmm_minimized
shadowy,8.0,8.0,55093.46357442015,14174.919607357544,40918.54396706261,13.248125553131104,openmm_minimized
shbfp-n158kl173i,3.0,6.0,68893.4528748802,10214.286518970628,58679.16635590957,14.276381969451904,openmm_minimized
shbfp-n158sl173i,12.0,16.0,80463.94896343717,10805.86683890433,69658.08212453284,14.25715470314026,openmm_minimized
shcp-e63ly64h,6.0,8.0,-187527.3473607398,10065.298071126526,-197592.64543186635,11.706889629364014,openmm_minimized
shcp-e63s,3.0,5.0,95375.5350969363,10282.947897450871,85092.58719948544,11.91822385787964,openmm_minimized
shcp-q39s,4.0,6.0,57775.06567544843,10769.23023127125,47005.83544417718,13.562048435211182,openmm_minimized
shcp-t194i,5.0,6.0,61628.39887198083,10767.79678646876,50860.60208551207,13.694697856903076,openmm_minimized
shg24,10.0,10.0,66681.53591152649,12219.459247030158,54462.07666449633,12.949171781539915,openmm_minimized
shyrfp,2.0,4.0,124125.2616962772,13265.601509128586,110859.66018714862,13.949049711227415,openmm_minimized
sirius,5.0,6.0,52944.45059929014,11439.973114132734,41504.47748515741,11.034795761108398,openmm_minimized
siriusgfp,4.0,8.0,66085.10131952599,9278.536110418863,56806.56520910712,11.87182903289795,openmm_minimized
skylan-ns,9.0,13.0,64539.36428992127,9876.529416423571,54662.8348734977,11.992858648300173,openmm_minimized
skylan-s,5.0,6.0,131752.6193011163,10073.475629493929,121679.14367162235,11.344574928283691,openmm_minimized
slow-ft,2.0,1.0,77901.68396020497,11050.74854573949,66850.93541446548,11.512232303619385,openmm_minimized
spgfp1-10,8.0,9.0,56304.32070075942,8729.006557711582,47575.314143047835,11.907443046569824,openmm_minimized
spoon,9.0,9.0,54354.26925468385,12155.069428782475,42199.19982590138,12.87376070022583,openmm_minimized
sreach1,9.0,10.0,59663.703528071586,13078.579585527788,46585.12394254379,11.804360389709473,openmm_minimized
sreach2,4.0,5.0,49867.99796799078,12560.766254660854,37307.23171332992,12.824198484420776,openmm_minimized
staygold-e138d,11.0,11.0,352904.49305042817,14118.156233033444,338786.3368173947,12.760171175003052,openmm_minimized
stylcp,6.0,7.0,53591.92840149555,9476.1248503971,44115.80355109845,10.263710498809814,openmm_minimized
stylgfp,4.0,6.0,115324.1315647803,14712.524924119143,100611.60664066116,12.030848026275637,openmm_minimized
sumire,4.0,4.0,56917.98266472286,8930.294236343634,47987.68842837923,12.876595258712769,openmm_minimized
super-tagrfp,6.0,9.0,557898.2858267028,10985.276735368545,546913.0090913343,11.61061143875122,openmm_minimized
superecliptic-phluorin,11.0,10.0,57677.10236562229,11381.841201416815,46295.26116420547,12.62200927734375,openmm_minimized
superfolder-bfp,5.0,8.0,220471.5083028112,9010.978166522093,211460.53013628913,12.750823259353638,openmm_minimized
superfolder-cfp,5.0,6.0,-155545.49674431825,9326.1310482078,-164871.62779252607,11.359459400177002,openmm_minimized
superfolder-mturquoise2,2.0,7.0,59672.771618893195,11101.481349812768,48571.290269080426,11.604706287384031,openmm_minimized
superfolder-mturquoise2-ox,5.0,6.0,90047.19259307557,11260.438279679032,78786.75431339654,13.41481876373291,openmm_minimized
superfolder-phluorin,5.0,6.0,62600.881317621446,10804.478637319413,51796.40268030203,10.443367004394531,openmm_minimized
superfolder-yfp,6.0,7.0,164660.27369768248,9642.290292012434,155017.98340567003,10.776970148086548,openmm_minimized
supernova-green,9.0,16.0,3051428.485278759,11899.9935563299,3039528.491722429,11.894121885299684,openmm_minimized
supernova-red,10.0,14.0,185620.0746953847,10841.54498673956,174778.52970864516,12.36273741722107,openmm_minimized
supernova2,12.0,15.0,109371.53070517404,10088.524052961187,99283.00665221286,12.536785364151,openmm_minimized
syfp2,9.0,9.0,53111.94683792659,12211.117824010407,40900.82901391618,12.45936679840088,openmm_minimized
sympfp,21.0,19.0,569059.3219569451,15557.25983837521,553502.0621185699,10.710514068603516,openmm_minimized
t-sapphire,6.0,5.0,47221.575137378,12251.026772029752,34970.54836534825,10.45063090324402,openmm_minimized
tagcfp,13.0,11.0,55138.87099132656,12285.187638903924,42853.68335242264,13.907153129577637,openmm_minimized
taggfp,13.0,11.0,57990.86082710024,10934.519940269513,47056.34088683072,13.85927438735962,openmm_minimized
taggfp2,15.0,13.0,62288.301046410656,9529.24871881793,52759.052327592726,11.72958207130432,openmm_minimized
tagrfp657,11.0,13.0,291319.0802851233,11165.618987632322,280153.461297491,10.753223419189451,openmm_minimized
tagrfp658,9.0,12.0,113060.2231127158,10864.603191019947,102195.61992169583,11.473152875900269,openmm_minimized
tagyfp,10.0,12.0,80610.55778070485,11457.994332266626,69152.56344843823,12.061269760131836,openmm_minimized
td-rfp611,4.0,7.0,155825756.08944973,10374.533138223513,155815381.55631152,12.114573001861572,openmm_minimized
td-rfp639,12.0,15.0,3443259.7373609357,10485.17119766175,3432774.566163274,12.622281789779665,openmm_minimized
td5oxstaygold,12.0,17.0,33641135719.138336,36930.61903235207,33641098788.519302,25.482537984848022,openmm_minimized
td5staygold,12.0,17.0,4296855626919.0815,38562.36310994335,4296855588356.7183,25.181928873062137,openmm_minimized
td8oxstaygold,12.0,16.0,539643824755.41095,33920.458624890925,539643790834.95233,24.769734144210815,openmm_minimized
tdimer212,18.0,20.0,13989363977322.55,29600.26350663379,13989363947722.287,22.88628053665161,openmm_minimized
tdkatushka2,5.0,11.0,80739.16264849826,12512.532521302724,68226.63012719553,11.669636726379396,openmm_minimized
tdlanyfp,22.0,16.0,9673603721.539026,29674.8303436781,9673574046.708685,24.390976667404175,openmm_minimized
tdtomato,20.0,21.0,4906092916780.166,32951.051129120664,4906092883829.115,24.650205850601196,openmm_minimized
tdultramarine2,16.0,22.0,3617890797700.089,37815.433479079635,3617890759884.6553,23.78552484512329,openmm_minimized
tkeima,3.0,4.0,2389190.110854326,12222.303924226322,2376967.8069300996,10.578529119491575,openmm_minimized
topaz,6.0,6.0,48033.04598275082,10035.241653284134,37997.804329466686,11.642966747283936,openmm_minimized
tpapaya001,4.0,7.0,2296414.836097918,16482.28341811867,2279932.5526797995,15.23139190673828,openmm_minimized
tripartitegfp,5.0,11.0,236342.11433594255,9172.236683214933,227169.8776527276,12.256962299346924,openmm_minimized
tspurple,4.0,6.0,178243870.08121887,10380.250064699016,178233489.83115417,12.861040353775024,openmm_minimized
turbofp602,7.0,15.0,238940.9250368291,14816.047360622117,224124.877676207,11.908618688583374,openmm_minimized
turbogfp-v197l,13.0,19.0,7494056.116680917,9518.655242853143,7484537.461438064,11.50180983543396,openmm_minimized
turborfp,5.0,10.0,205989.42079366857,11731.566803160544,194257.85399050804,12.152528047561646,openmm_minimized
turboyfp,6.0,11.0,23960029.461462505,14603.764216655018,23945425.69724585,11.459024429321287,openmm_minimized
ultramarine,4.0,7.0,76710.59872513537,10489.980792017186,66220.61793311818,9.938615322113035,openmm_minimized
v127t-saasoti,6.0,10.0,62759.90942565981,11595.856408012272,51164.05301764754,13.158684492111206,openmm_minimized
var1,7.0,9.0,3920548.438243877,12449.303829503728,3908099.1344143734,12.908868312835692,openmm_minimized
vfp,6.0,10.0,70956.93776164447,9961.982398617376,60994.9553630271,10.559688568115234,openmm_minimized
vsfgfp-9,10.0,12.0,1423367.4701809208,9209.330810566067,1414158.1393703548,19.650418043136597,openmm_minimized
vsgfp,5.0,6.0,79000630.96330667,9876.908336235296,78990754.05497043,10.880751371383669,openmm_minimized
w1c,6.0,8.0,55562.14271038494,11747.401437187891,43814.74127319705,12.110167980194092,openmm_minimized
w2,9.0,8.0,49217.27274182088,11496.6293959549,37720.64334586598,10.884873151779177,openmm_minimized
w7,7.0,7.0,543604.0087739821,12326.811130968215,531277.1976430138,13.151222467422484,openmm_minimized
yegfp,6.0,7.0,50318.59112511558,11627.052156579475,38691.5389685361,12.700194120407104,openmm_minimized
yfp3,10.0,16.0,70789.95847154538,10579.40725571105,60210.55121583433,12.880785942077637,openmm_minimized
ygfpdp,6.0,9.0,45701260.40825732,13455.045744541269,45687805.36251278,12.674358129501345,openmm_minimized
ygfpuv,19.0,17.0,2726153327.2893176,15226.851272042217,2726138100.4380455,13.476481199264526,openmm_minimized
ypet,12.0,14.0,54812.315343396665,10781.84687406755,44030.46846932911,13.009738683700562,openmm_minimized
yuzufp,2.0,3.0,73711.80433739921,10651.436802108889,63060.36753529032,13.122720003128052,openmm_minimized
zgfp,3.0,6.0,161316.23600058325,11984.28841756533,149331.94758301793,12.590375900268556,openmm_minimized
zoan2rfp,11.0,12.0,186744.8584295125,11474.06850665103,175270.78992286147,10.87866234779358,openmm_minimized
zrfp,8.0,9.0,57975.17195563697,12582.967743371264,45392.20421226571,10.79221773147583,openmm_minimized
zsgreen1,8.0,10.0,30116646.7240176,14200.835866355836,30102445.888151243,12.36470890045166,openmm_minimized
zsyellow1,4.0,10.0,174212.1011270977,16617.650021902275,157594.45110519542,10.814775466918944,openmm_minimized
22g,,,,,,,rcsb_experimental
3-ftyr-egfp,,,,,,,rcsb_experimental
a44-kr,,,,,,,rcsb_experimental
acegfp,,,,,,,rcsb_experimental
adred,,,,,,,rcsb_experimental
amfp486,,,,,,,rcsb_experimental
amfp506,,,,,,,rcsb_experimental
amfp515,,,,,,,rcsb_experimental
amilcp,,,,,,,rcsb_experimental
asfp499,,,,,,,rcsb_experimental
asulcp,,,,,,,rcsb_experimental
avgfp,,,,,,,rcsb_experimental
avgfp480,,,,,,,rcsb_experimental
azamired10,,,,,,,rcsb_experimental
bflogfpc1,,,,,,,rcsb_experimental
bfpsol,,,,,,,rcsb_experimental
blue102,,,,,,,rcsb_experimental
ccgfp-e6,,,,,,,rcsb_experimental
cegfp,,,,,,,rcsb_experimental
cerulean,,,,,,,rcsb_experimental
citrine,,,,,,,rcsb_experimental
cjblue,,,,,,,rcsb_experimental
clomeleon,,,,,,,rcsb_experimental
clover,,,,,,,rcsb_experimental
cp-mkate,,,,,,,rcsb_experimental
cpygfp,,,,,,,rcsb_experimental
degfp1,,,,,,,rcsb_experimental
dendra2,,,,,,,rcsb_experimental
dreiklang,,,,,,,rcsb_experimental
dronpa,,,,,,,rcsb_experimental
dronpa-c62s,,,,,,,rcsb_experimental
dsfp483,,,,,,,rcsb_experimental
dsred,,,,,,,rcsb_experimental
dsred-max,,,,,,,rcsb_experimental
dsredm1,,,,,,,rcsb_experimental
dsredt4,,,,,,,rcsb_experimental
ecfp,,,,,,,rcsb_experimental
eforcp,,,,,,,rcsb_experimental
egfp,,,,,,,rcsb_experimental
egfp203c,,,,,,,rcsb_experimental
egfp205c,,,,,,,rcsb_experimental
enhanced-cyan-emitting-gfp,,,,,,,rcsb_experimental
eqfp611,,,,,,,rcsb_experimental
eqfp611-v124t,,,,,,,rcsb_experimental
eqfp650,,,,,,,rcsb_experimental
eqfp670,,,,,,,rcsb_experimental
esgfp,,,,,,,rcsb_experimental
fold6,,,,,,,rcsb_experimental
folding-reporter-gfp,,,,,,,rcsb_experimental
gamillus,,,,,,,rcsb_experimental
gcamp2,,,,,,,rcsb_experimental
gfascp,,,,,,,rcsb_experimental
gfp-151pytyrcu,,,,,,,rcsb_experimental
gfp-s65t,,,,,,,rcsb_experimental
gfp-tyr151pyz,,,,,,,rcsb_experimental
gfphal,,,,,,,rcsb_experimental
hcred,,,,,,,rcsb_experimental
hcred7,,,,,,,rcsb_experimental
hyperfolder-yfp,,,,,,,rcsb_experimental
ifp20,,,,,,,rcsb_experimental
irisfp,,,,,,,rcsb_experimental
irisfp-m159a,,,,,,,rcsb_experimental
katushka,,,,,,,rcsb_experimental
kcy,,,,,,,rcsb_experimental
kcy-r1,,,,,,,rcsb_experimental
kikg,,,,,,,rcsb_experimental
kikgr1,,,,,,,rcsb_experimental
killerorange,,,,,,,rcsb_experimental
killerred,,,,,,,rcsb_experimental
lagfp,,,,,,,rcsb_experimental
lanrfp-deltas83l,,,,,,,rcsb_experimental
lanyfp,,,,,,,rcsb_experimental
larfp,,,,,,,rcsb_experimental
lea,,,,,,,rcsb_experimental
lss-mkate1,,,,,,,rcsb_experimental
lss-mkate2,,,,,,,rcsb_experimental
lssmorange,,,,,,,rcsb_experimental
lssmscarlet,,,,,,,rcsb_experimental
mazamigreen,,,,,,,rcsb_experimental
mbaojin,,,,,,,rcsb_experimental
mcardinal,,,,,,,rcsb_experimental
mcerulean3,,,,,,,rcsb_experimental
mcherry,,,,,,,rcsb_experimental
mcrispred,,,,,,,rcsb_experimental
meos2,,,,,,,rcsb_experimental
meos2-a69t,,,,,,,rcsb_experimental
meos4b,,,,,,,rcsb_experimental
meos4b-l93m,,,,,,,rcsb_experimental
meosfp,,,,,,,rcsb_experimental
mkate,,,,,,,rcsb_experimental
mkeima,,,,,,,rcsb_experimental
mkillerorange,,,,,,,rcsb_experimental
mko,,,,,,,rcsb_experimental
mneongreen,,,,,,,rcsb_experimental
monomeric-hyperfolder-yfp,,,,,,,rcsb_experimental
morange,,,,,,,rcsb_experimental
mplum,,,,,,,rcsb_experimental
mplum-e16p,,,,,,,rcsb_experimental
mrojoa,,,,,,,rcsb_experimental
mrouge,,,,,,,rcsb_experimental
mruby,,,,,,,rcsb_experimental
mscarlet,,,,,,,rcsb_experimental
mscarlet-h,,,,,,,rcsb_experimental
mscarlet3,,,,,,,rcsb_experimental
mscarlet3-h,,,,,,,rcsb_experimental
mstrawberry,,,,,,,rcsb_experimental
mtfp,,,,,,,rcsb_experimental
mtfp07,,,,,,,rcsb_experimental
mtfp1,,,,,,,rcsb_experimental
mturquoise,,,,,,,rcsb_experimental
mturquoise2,,,,,,,rcsb_experimental
mugfp,,,,,,,rcsb_experimental
neptune,,,,,,,rcsb_experimental
nowgfp,,,,,,,rcsb_experimental
padron09,,,,,,,rcsb_experimental
pcdronpa,,,,,,,rcsb_experimental
pdm1-4,,,,,,,rcsb_experimental
phiyfp,,,,,,,rcsb_experimental
pplugfp2,,,,,,,rcsb_experimental
pslssmkate,,,,,,,rcsb_experimental
psmorange,,,,,,,rcsb_experimental
psmorange2,,,,,,,rcsb_experimental
r-velour,,,,,,,rcsb_experimental
rcamp,,,,,,,rcsb_experimental
rfp630,,,,,,,rcsb_experimental
rogfp1,,,,,,,rcsb_experimental
rogfp1-r1,,,,,,,rcsb_experimental
rogfp1-r8,,,,,,,rcsb_experimental
rogfp2,,,,,,,rcsb_experimental
rpbphp1,,,,,,,rcsb_experimental
rrgfp,,,,,,,rcsb_experimental
rsegfp2,,,,,,,rcsb_experimental
rsfolder,,,,,,,rcsb_experimental
rstagrfp,,,,,,,rcsb_experimental
rtms5,,,,,,,rcsb_experimental
scfp3a,,,,,,,rcsb_experimental
sfcherry,,,,,,,rcsb_experimental
sg11,,,,,,,rcsb_experimental
sg12,,,,,,,rcsb_experimental
sg25,,,,,,,rcsb_experimental
sg42,,,,,,,rcsb_experimental
sg50,,,,,,,rcsb_experimental
shardonnay,,,,,,,rcsb_experimental
shbfp,,,,,,,rcsb_experimental
shcp,,,,,,,rcsb_experimental
spiscp,,,,,,,rcsb_experimental
staygold,,,,,,,rcsb_experimental
superfolder-gfp,,,,,,,rcsb_experimental
tagbfp,,,,,,,rcsb_experimental
tagrfp,,,,,,,rcsb_experimental
tagrfp-t,,,,,,,rcsb_experimental
tagrfp675,,,,,,,rcsb_experimental
thermostable-green-protein,,,,,,,rcsb_experimental
trp-less-gfp,,,,,,,rcsb_experimental
turbogfp,,,,,,,rcsb_experimental
turquoise-gl,,,,,,,rcsb_experimental
usgfp,,,,,,,rcsb_experimental
venus,,,,,,,rcsb_experimental
vsfgfp-0,,,,,,,rcsb_experimental
wascfp,,,,,,,rcsb_experimental
zfp538,,,,,,,rcsb_experimental
zsgreen,,,,,,,rcsb_experimental
